{
"type": "FeatureCollection",
"name": "peba",
"crs": { "type": "name", "properties": { "name": "urn:ogc:def:crs:OGC:1.3:CRS84" } },
"features": [
{"type":"Feature","properties":{"Codice":"U_16","Nome/Localizzazione":"DIRETTORE GENERALE","Gruppo":"Sede amministrativa/istituzionale","Categoria":"SERVIZI PUBBLICI – UFFICI - UFFICIO DI VERTICE AMMINISTRATIVO","Contesto urbano":null,"Elemento":null,"Latitudine":38.1169655,"Longitudine":13.3695442,"Punteggio":68,"Livello accessibilita":"Parzialmente inaccessibile","Rilevanza":"Alta","Non valutabile":"No","N. foto rilievo":7,"Criticità Rilevate":"Parcheggio distante; pavimentazione scivolosa; antico portone non idoneo; ascensore non funzionante; scale con alzata eccessiva; assenza di segnaletica tattile.","Indirizzo":"PIAZZA MARINA, 46","Nome Immobile":"DIRETTORE GENERALE","Circoscrizione":"I","Quartiere":"Tribunali-Castellammare","UPL":"Tribunali o Kalsa"},"geometry":{"type":"Point","coordinates":[13.3695442,38.1169655]}},
{"type":"Feature","properties":{"Codice":"SU_03","Nome/Localizzazione":"MARTORANA (SANTA MARIA DELL’AMMIRAGLIO)","Gruppo":"Sito UNESCO (edificio)","Categoria":"SERVIZI PUBBLICI – SITO UNESCO","Contesto urbano":null,"Elemento":null,"Latitudine":38.1149189,"Longitudine":13.3625335,"Punteggio":80,"Livello accessibilita":"Parzialmente inaccessibile","Rilevanza":"Alta","Non valutabile":"Si","N. foto rilievo":7,"Criticità Rilevate":"Pavimentazione scivolosa; aula a quota superiore rispetto all'ingresso; spazi ridotti e assenza di percorsi tattili.","Indirizzo":"PIAZZA BELLINI, 3","Nome Immobile":"MARTORANA (SANTA MARIA DELL’AMMIRAGLIO)","Circoscrizione":"I","Quartiere":"Tribunali-Castellammare","UPL":"Tribunali o Kalsa"},"geometry":{"type":"Point","coordinates":[13.3625335,38.1149189]}},
{"type":"Feature","properties":{"Codice":"SU_02","Nome/Localizzazione":"SAN CATALDO","Gruppo":"Sito UNESCO (edificio)","Categoria":"SERVIZI PUBBLICI – SITO UNESCO","Contesto urbano":null,"Elemento":null,"Latitudine":38.1149189,"Longitudine":13.3625335,"Punteggio":78,"Livello accessibilita":"Parzialmente inaccessibile","Rilevanza":"Alta","Non valutabile":"Si","N. foto rilievo":7,"Criticità Rilevate":"Accesso compromesso da dislivelli e scale; pavimentazione policroma non idonea; spazi ridotti e assenza di servizi igienici.","Indirizzo":"PIAZZA BELLINI, 2","Nome Immobile":"SAN CATALDO","Circoscrizione":"I","Quartiere":"Tribunali-Castellammare","UPL":"Tribunali o Kalsa"},"geometry":{"type":"Point","coordinates":[13.3625335,38.1149189]}},
{"type":"Feature","properties":{"Codice":"M_03","Nome/Localizzazione":"ARCHIVIO STORICO COMUNALE","Gruppo":"Museo","Categoria":"SERVIZI PUBBLICI – MUSEO","Contesto urbano":null,"Elemento":null,"Latitudine":38.113725,"Longitudine":13.3635427,"Punteggio":72,"Livello accessibilita":"Parzialmente inaccessibile","Rilevanza":"Alta","Non valutabile":"No","N. foto rilievo":7,"Criticità Rilevate":null,"Indirizzo":null,"Nome Immobile":null,"Circoscrizione":"I","Quartiere":"Tribunali-Castellammare","UPL":"Tribunali o Kalsa"},"geometry":{"type":"Point","coordinates":[13.3635427,38.113725]}},
{"type":"Feature","properties":{"Codice":"M_02","Nome/Localizzazione":"GALLERIA D’ARTE MODERNA","Gruppo":"Museo","Categoria":"SERVIZI PUBBLICI – MUSEO","Contesto urbano":null,"Elemento":null,"Latitudine":38.1150762,"Longitudine":13.3658349,"Punteggio":77,"Livello accessibilita":"Parzialmente inaccessibile","Rilevanza":"Alta","Non valutabile":"No","N. foto rilievo":7,"Criticità Rilevate":null,"Indirizzo":null,"Nome Immobile":null,"Circoscrizione":"I","Quartiere":"Tribunali-Castellammare","UPL":"Tribunali o Kalsa"},"geometry":{"type":"Point","coordinates":[13.3658349,38.1150762]}},
{"type":"Feature","properties":{"Codice":"AV_23","Nome/Localizzazione":"VILLA GIULIA, VIA LINCOLN","Gruppo":"Area verde","Categoria":"AREE URBANE","Contesto urbano":"AMBITO PAESAGGISTICO E MONUMENTALE","Elemento":"PERCORSI INTERNI","Latitudine":38.1146462,"Longitudine":13.3749795,"Punteggio":46,"Livello accessibilita":"Parzialmente accessibile","Rilevanza":"Alta","Non valutabile":"No","N. foto rilievo":10,"Criticità Rilevate":null,"Indirizzo":null,"Nome Immobile":null,"Circoscrizione":"I","Quartiere":"Tribunali-Castellammare","UPL":"Tribunali o Kalsa"},"geometry":{"type":"Point","coordinates":[13.3749795,38.1146462]}},
{"type":"Feature","properties":{"Codice":"AV_21","Nome/Localizzazione":"GIARDINO GARIBALDI, PIAZZA MARINA","Gruppo":"Area verde","Categoria":"AREE URBANE","Contesto urbano":"AMBITO PAESAGGISTICO E STORICO-MONUMENTALE","Elemento":"PERCORSI INTERNI","Latitudine":38.1177752,"Longitudine":13.3686382,"Punteggio":44,"Livello accessibilita":"Parzialmente accessibile","Rilevanza":"Alta","Non valutabile":"No","N. foto rilievo":7,"Criticità Rilevate":null,"Indirizzo":null,"Nome Immobile":null,"Circoscrizione":"I","Quartiere":"Tribunali-Castellammare","UPL":"Tribunali o Kalsa"},"geometry":{"type":"Point","coordinates":[13.3686382,38.1177752]}},
{"type":"Feature","properties":{"Codice":"VS_06","Nome/Localizzazione":"SALITA MURA DELLE CATTIVE - VIA ALLORO - VIA QUATTRO APRILE - PIAZZA MARINA","Gruppo":"Percorso storico","Categoria":"PERCORSI STORICI","Contesto urbano":"VIE STORICHE INTERNE","Elemento":"MARCIAPIEDE","Latitudine":38.117391,"Longitudine":13.3726014,"Punteggio":53,"Livello accessibilita":"Parzialmente accessibile","Rilevanza":null,"Non valutabile":"No","N. foto rilievo":14,"Criticità Rilevate":null,"Indirizzo":null,"Nome Immobile":null,"Circoscrizione":"I","Quartiere":"Tribunali-Castellammare","UPL":"Tribunali o Kalsa"},"geometry":{"type":"Point","coordinates":[13.3726014,38.117391]}},
{"type":"Feature","properties":{"Codice":"VS_05","Nome/Localizzazione":"VIA MAGIONE - VIA DELLA PACE - VIA DELLO SPASIMO - VIA SANTA TERESA - VIA TORREMUZZA","Gruppo":"Percorso storico","Categoria":"PERCORSI STORICI","Contesto urbano":"VIE INTERNE, ALTISSIMA VALENZA STORICA","Elemento":"MARCIAPIEDE","Latitudine":38.1132707,"Longitudine":13.3688885,"Punteggio":53,"Livello accessibilita":"Parzialmente accessibile","Rilevanza":null,"Non valutabile":"No","N. foto rilievo":14,"Criticità Rilevate":null,"Indirizzo":null,"Nome Immobile":null,"Circoscrizione":"I","Quartiere":"Tribunali-Castellammare","UPL":"Tribunali o Kalsa"},"geometry":{"type":"Point","coordinates":[13.3688885,38.1132707]}},
{"type":"Feature","properties":{"Codice":"U_17","Nome/Localizzazione":"SERVIZI SOCIALI","Gruppo":"Sede amministrativa/istituzionale","Categoria":"SERVIZI PUBBLICI – UFFICI - CENTRO DIREZIONALE E AMMINISTRATIVO","Contesto urbano":null,"Elemento":null,"Latitudine":37.9841895,"Longitudine":13.3283798,"Punteggio":66,"Livello accessibilita":"Parzialmente inaccessibile","Rilevanza":"Alta","Non valutabile":"No","N. foto rilievo":4,"Criticità Rilevate":"Ingresso monumentale non a norma; pavimentazione scivolosa; porte prive di maniglioni antipanico; assenza totale di percorsi sensoriali.","Indirizzo":"VIA GARIBALDI, 26","Nome Immobile":"SERVIZI SOCIALI","Circoscrizione":"I","Quartiere":"Tribunali-Castellammare","UPL":"Tribunali o Kalsa"},"geometry":{"type":"Point","coordinates":[13.367083876010565,38.113183370884634]}},
{"type":"Feature","properties":{"Codice":"VS_02","Nome/Localizzazione":"VIA UMBERTO I (S.S. 113)","Gruppo":"Percorso storico","Categoria":"PERCORSI STORICI","Contesto urbano":"ASSE DI SCORRIMENTO AREA ADIACENTE IL CENTRO STORICO","Elemento":"MARCIAPIEDE","Latitudine":38.0866729,"Longitudine":13.2950233,"Punteggio":42,"Livello accessibilita":"Parzialmente accessibile","Rilevanza":null,"Non valutabile":"No","N. foto rilievo":15,"Criticità Rilevate":null,"Indirizzo":null,"Nome Immobile":null,"Circoscrizione":"I","Quartiere":"Tribunali-Castellammare","UPL":"Tribunali o Kalsa"},"geometry":{"type":"Point","coordinates":[13.37369942160616,38.117217555439126]}},
{"type":"Feature","properties":{"Codice":"AV_22","Nome/Localizzazione":"FORO ITALICO, VIA UMBERTO I – S.S. 113","Gruppo":"Area verde","Categoria":"AREE URBANE","Contesto urbano":"AMBITO PAESAGGISTICO","Elemento":"PERCORSI INTERNI","Latitudine":38.0866729,"Longitudine":13.2950233,"Punteggio":45,"Livello accessibilita":"Parzialmente accessibile","Rilevanza":"Alta","Non valutabile":"No","N. foto rilievo":10,"Criticità Rilevate":null,"Indirizzo":null,"Nome Immobile":null,"Circoscrizione":"I","Quartiere":"Tribunali-Castellammare","UPL":"Tribunali o Kalsa"},"geometry":{"type":"Point","coordinates":[13.3758090293127,38.116295475758939]}},
{"type":"Feature","properties":{"Codice":"VU_04","Nome/Localizzazione":"VIA MAQUEDA","Gruppo":"Percorso UNESCO","Categoria":"PERCORSI UNESCO","Contesto urbano":"ASSE STORICO E COMMERCIALE PRIMARIO (PEDONALIZZATO)","Elemento":"MARCIAPIEDE","Latitudine":38.1184556,"Longitudine":13.3596687,"Punteggio":41,"Livello accessibilita":"Parzialmente accessibile","Rilevanza":"Alta","Non valutabile":"No","N. foto rilievo":13,"Criticità Rilevate":null,"Indirizzo":null,"Nome Immobile":null,"Circoscrizione":"I","Quartiere":"Tribunali-Castellammare","UPL":"Castellammare o Loggia"},"geometry":{"type":"Point","coordinates":[13.3596687,38.1184556]}},
{"type":"Feature","properties":{"Codice":"VS_26","Nome/Localizzazione":"VIA MAQUEDA - VIA RUGGERO SETTIMO","Gruppo":"Percorso storico","Categoria":"PERCORSI STORICI","Contesto urbano":"ASSE COMMERCIALE PRIMARIO","Elemento":"MARCIAPIEDE","Latitudine":38.1184556,"Longitudine":13.3596687,"Punteggio":46,"Livello accessibilita":"Parzialmente accessibile","Rilevanza":"Alta","Non valutabile":"No","N. foto rilievo":17,"Criticità Rilevate":null,"Indirizzo":null,"Nome Immobile":null,"Circoscrizione":"I","Quartiere":"Tribunali-Castellammare","UPL":"Castellammare o Loggia"},"geometry":{"type":"Point","coordinates":[13.3596687,38.1184556]}},
{"type":"Feature","properties":{"Codice":"VS_25","Nome/Localizzazione":"VIA NAPOLI","Gruppo":"Percorso storico","Categoria":"PERCORSI STORICI","Contesto urbano":"VIA COMMERCIALE DI COLLEGAMENTO","Elemento":"MARCIAPIEDE","Latitudine":38.1176486,"Longitudine":13.3612677,"Punteggio":44,"Livello accessibilita":"Parzialmente accessibile","Rilevanza":"Alta","Non valutabile":"No","N. foto rilievo":13,"Criticità Rilevate":null,"Indirizzo":null,"Nome Immobile":null,"Circoscrizione":"I","Quartiere":"Tribunali-Castellammare","UPL":"Castellammare o Loggia"},"geometry":{"type":"Point","coordinates":[13.3612677,38.1176486]}},
{"type":"Feature","properties":{"Codice":"VS_09","Nome/Localizzazione":"VIA ROMA","Gruppo":"Percorso storico","Categoria":"PERCORSI STORICI","Contesto urbano":"ASSE VIARIO PRINCIPALE","Elemento":"MARCIAPIEDE","Latitudine":38.1178334,"Longitudine":13.3629551,"Punteggio":41,"Livello accessibilita":"Parzialmente accessibile","Rilevanza":null,"Non valutabile":"No","N. foto rilievo":17,"Criticità Rilevate":null,"Indirizzo":null,"Nome Immobile":null,"Circoscrizione":"I","Quartiere":"Tribunali-Castellammare","UPL":"Castellammare o Loggia"},"geometry":{"type":"Point","coordinates":[13.3629551,38.1178334]}},
{"type":"Feature","properties":{"Codice":"VS_07","Nome/Localizzazione":"VIA PORTO SALVO - PIAZZA TARZANÀ - PIAZZA FONDERIA - VIA GIOVANNI MELI","Gruppo":"Percorso storico","Categoria":"PERCORSI STORICI","Contesto urbano":"VIE STORICHE","Elemento":"MARCIAPIEDE","Latitudine":38.1185485,"Longitudine":13.3673489,"Punteggio":53,"Livello accessibilita":"Parzialmente accessibile","Rilevanza":null,"Non valutabile":"No","N. foto rilievo":14,"Criticità Rilevate":null,"Indirizzo":null,"Nome Immobile":null,"Circoscrizione":"I","Quartiere":"Tribunali-Castellammare","UPL":"Castellammare o Loggia"},"geometry":{"type":"Point","coordinates":[13.3673489,38.1185485]}},
{"type":"Feature","properties":{"Codice":"U_14","Nome/Localizzazione":"SERVIZI MATRIMONIALI","Gruppo":"Sede amministrativa/istituzionale","Categoria":"SERVIZI PUBBLICI – UFFICI - SEDE ISTITUZIONALE MONUMENTALE (PER RITI CIVILI)","Contesto urbano":null,"Elemento":null,"Latitudine":38.119192,"Longitudine":13.3662307,"Punteggio":72,"Livello accessibilita":"Parzialmente inaccessibile","Rilevanza":"Alta","Non valutabile":"No","N. foto rilievo":4,"Criticità Rilevate":"Accesso principale ostacolato da dislivelli; pavimentazione in basolato; porte pesanti e non a norma; totale assenza di percorsi tattili; servizi igienici per disabili assenti.","Indirizzo":"PIAZZA FONDERIA","Nome Immobile":"SERVIZI MATRIMONIALI","Circoscrizione":"I","Quartiere":"Tribunali-Castellammare","UPL":"Castellammare o Loggia"},"geometry":{"type":"Point","coordinates":[13.3662307,38.119192]}},
{"type":"Feature","properties":{"Codice":"U_13","Nome/Localizzazione":"SERVIZIO SOCIALE DI COMUNITÀ","Gruppo":"Sede amministrativa/istituzionale","Categoria":"SERVIZI PUBBLICI – UFFICI - SERVIZIO PUBBLICO DI ASSISTENZA SOCIALE","Contesto urbano":null,"Elemento":null,"Latitudine":38.1206489,"Longitudine":13.3652732,"Punteggio":71,"Livello accessibilita":"Parzialmente inaccessibile","Rilevanza":"Alta","Non valutabile":"No","N. foto rilievo":10,"Criticità Rilevate":"Parcheggi e percorsi esterni privi di segnaletica a norma; campanello e sportello informazioni inaccessibili; porte senza maniglione antipanico; bagni con maniglioni insufficienti.","Indirizzo":"VIA FRATELLI ORLANDO, 16","Nome Immobile":"SERVIZIO SOCIALE DI COMUNITÀ","Circoscrizione":"I","Quartiere":"Tribunali-Castellammare","UPL":"Castellammare o Loggia"},"geometry":{"type":"Point","coordinates":[13.3652732,38.1206489]}},
{"type":"Feature","properties":{"Codice":"P_04","Nome/Localizzazione":"PIAZZA SAN DOMENICO","Gruppo":"Piazza","Categoria":"AREE URBANE","Contesto urbano":"AREA MONUMENTALE E COMMERCIALE","Elemento":"PIAZZA","Latitudine":38.1188139,"Longitudine":13.3629446,"Punteggio":33,"Livello accessibilita":"Accessibile","Rilevanza":"Alta","Non valutabile":"No","N. foto rilievo":7,"Criticità Rilevate":null,"Indirizzo":null,"Nome Immobile":null,"Circoscrizione":"I","Quartiere":"Tribunali-Castellammare","UPL":"Castellammare o Loggia"},"geometry":{"type":"Point","coordinates":[13.3629446,38.1188139]}},
{"type":"Feature","properties":{"Codice":"VS_28","Nome/Localizzazione":"VIA MATTEO BONELLO - VIA PAPIRETO - PIAZZA DELLA MEMORIA - VIA NICOLÒ TURRISI","Gruppo":"Percorso storico","Categoria":"PERCORSI STORICI","Contesto urbano":"AREA AD ALTA VALENZA ISTITUZIONALE (PALAZZO DI GIUSTIZIA, CATTEDRALE)","Elemento":"MARCIAPIEDE","Latitudine":38.114994,"Longitudine":13.3545804,"Punteggio":51,"Livello accessibilita":"Parzialmente accessibile","Rilevanza":"Alta","Non valutabile":"No","N. foto rilievo":15,"Criticità Rilevate":null,"Indirizzo":null,"Nome Immobile":null,"Circoscrizione":"I","Quartiere":"Palazzo Reale - Monte di Pietà","UPL":"Monte di Pieà o Seralcadi"},"geometry":{"type":"Point","coordinates":[13.3545804,38.114994]}},
{"type":"Feature","properties":{"Codice":"VS_27","Nome/Localizzazione":"DISCESA DEI GIOVENCHI - VIA PANNERIA - VIA JUDICA - VIA GIOIAMIA","Gruppo":"Percorso storico","Categoria":"PERCORSI STORICI","Contesto urbano":"STRADE STRETTE E IRREGOLARI","Elemento":"MARCIAPIEDE","Latitudine":38.1176856,"Longitudine":13.3596892,"Punteggio":65,"Livello accessibilita":"Parzialmente inaccessibile","Rilevanza":"Alta","Non valutabile":"No","N. foto rilievo":13,"Criticità Rilevate":null,"Indirizzo":null,"Nome Immobile":null,"Circoscrizione":"I","Quartiere":"Palazzo Reale - Monte di Pietà","UPL":"Monte di Pieà o Seralcadi"},"geometry":{"type":"Point","coordinates":[13.3596892,38.1176856]}},
{"type":"Feature","properties":{"Codice":"P_03","Nome/Localizzazione":"PIAZZA GIUSEPPE VERDI","Gruppo":"Piazza","Categoria":"AREE URBANE","Contesto urbano":"AREA COMMERCIALE","Elemento":"PIAZZA","Latitudine":38.1203534,"Longitudine":13.3565813,"Punteggio":31,"Livello accessibilita":"Accessibile","Rilevanza":"Alta","Non valutabile":"No","N. foto rilievo":7,"Criticità Rilevate":null,"Indirizzo":null,"Nome Immobile":null,"Circoscrizione":"I","Quartiere":"Palazzo Reale - Monte di Pietà","UPL":"Monte di Pieà o Seralcadi"},"geometry":{"type":"Point","coordinates":[13.3565813,38.1203534]}},
{"type":"Feature","properties":{"Codice":"P_02","Nome/Localizzazione":"PIAZZA VITTORIO EMANUELE ORLANDO","Gruppo":"Piazza","Categoria":"AREE URBANE","Contesto urbano":"AREA AD ALTA VALENZA ISTITUZIONALE","Elemento":"PIAZZA","Latitudine":38.154876,"Longitudine":13.1091582,"Punteggio":32,"Livello accessibilita":"Accessibile","Rilevanza":"Alta","Non valutabile":"No","N. foto rilievo":7,"Criticità Rilevate":null,"Indirizzo":null,"Nome Immobile":null,"Circoscrizione":"I","Quartiere":"Palazzo Reale - Monte di Pietà","UPL":"Monte di Pieà o Seralcadi"},"geometry":{"type":"Point","coordinates":[13.351889677647979,38.119252675812113]}},
{"type":"Feature","properties":{"Codice":"S_21","Nome/Localizzazione":"SCUOLA QUARTO DEI MILLE","Gruppo":"Scuola","Categoria":"SERVIZI PUBBLICI – ISTRUZIONE - SCUOLA PRIMARIA","Contesto urbano":null,"Elemento":null,"Latitudine":38.1120031,"Longitudine":13.3523537,"Punteggio":73,"Livello accessibilita":"Parzialmente inaccessibile","Rilevanza":"Alta","Non valutabile":"No","N. foto rilievo":7,"Criticità Rilevate":"Pavimentazione esterna sconnessa con scale; maniglioni bagno non idonei; bagno solo al piano terra; porta non idonea; assenza percorso tattile.","Indirizzo":"CORSO CALATAFIMI, 241","Nome Immobile":"SCUOLA QUARTO DEI MILLE","Circoscrizione":"I","Quartiere":"Palazzo Reale - Monte di Pietà","UPL":"Palazzo Reale o Albergaria"},"geometry":{"type":"Point","coordinates":[13.3523537,38.1120031]}},
{"type":"Feature","properties":{"Codice":"AV_19","Nome/Localizzazione":"VILLA BONANNO, PIAZZA DELLA VITTORIA","Gruppo":"Area verde","Categoria":"AREE URBANE","Contesto urbano":"AREA ALL’INTERNO DI CONTESTO ISTITUZIONALE E TURISTICO","Elemento":"PERCORSI INTERNI","Latitudine":38.1123586,"Longitudine":13.3553017,"Punteggio":38,"Livello accessibilita":"Accessibile","Rilevanza":"Alta","Non valutabile":"No","N. foto rilievo":7,"Criticità Rilevate":null,"Indirizzo":null,"Nome Immobile":null,"Circoscrizione":"I","Quartiere":"Palazzo Reale - Monte di Pietà","UPL":"Palazzo Reale o Albergaria"},"geometry":{"type":"Point","coordinates":[13.3553017,38.1123586]}},
{"type":"Feature","properties":{"Codice":"AV_18","Nome/Localizzazione":"GIARDINO, PIAZZA INDIPENDENZA","Gruppo":"Area verde","Categoria":"AREE URBANE","Contesto urbano":"AREA ALL’INTERNO DI CONTESTO ISTITUZIONALE E TURISTICO","Elemento":"PERCORSI INTERNI","Latitudine":38.1106918,"Longitudine":13.3509647,"Punteggio":45,"Livello accessibilita":"Parzialmente accessibile","Rilevanza":"Alta","Non valutabile":"No","N. foto rilievo":7,"Criticità Rilevate":null,"Indirizzo":null,"Nome Immobile":null,"Circoscrizione":"I","Quartiere":"Palazzo Reale - Monte di Pietà","UPL":"Palazzo Reale o Albergaria"},"geometry":{"type":"Point","coordinates":[13.3509647,38.1106918]}},
{"type":"Feature","properties":{"Codice":"VU_03","Nome/Localizzazione":"CORSO VITTORIO EMANUELE","Gruppo":"Percorso UNESCO","Categoria":"PERCORSI UNESCO","Contesto urbano":"ASSE STORICO PRINCIPALE (CASSARO), PARZIALMENTE PEDONALIZZATO","Elemento":"MARCIAPIEDE","Latitudine":38.1124171,"Longitudine":13.3533766,"Punteggio":47,"Livello accessibilita":"Parzialmente accessibile","Rilevanza":"Alta","Non valutabile":"No","N. foto rilievo":13,"Criticità Rilevate":null,"Indirizzo":null,"Nome Immobile":null,"Circoscrizione":"I","Quartiere":"Palazzo Reale - Monte di Pietà","UPL":"Palazzo Reale o Albergaria"},"geometry":{"type":"Point","coordinates":[13.3533766,38.1124171]}},
{"type":"Feature","properties":{"Codice":"VS_23","Nome/Localizzazione":"VIA CORRADO AVOLIO - VIA MICHELE DEL GIUDICE - VIA ANTONIO MONGITORE - VIA LAGUMINA FRATELLI - VIA","Gruppo":"Percorso storico","Categoria":"PERCORSI STORICI","Contesto urbano":"STRADE INTERNE AD ALTA DENSITÀ","Elemento":"MARCIAPIEDE","Latitudine":38.1096063,"Longitudine":13.3600168,"Punteggio":54,"Livello accessibilita":"Parzialmente accessibile","Rilevanza":"Alta","Non valutabile":"No","N. foto rilievo":13,"Criticità Rilevate":null,"Indirizzo":null,"Nome Immobile":null,"Circoscrizione":"I","Quartiere":"Palazzo Reale - Monte di Pietà","UPL":"Palazzo Reale o Albergaria"},"geometry":{"type":"Point","coordinates":[13.3600168,38.1096063]}},
{"type":"Feature","properties":{"Codice":"VS_17","Nome/Localizzazione":"PIAZZA INDIPENDENZA","Gruppo":"Percorso storico","Categoria":"PERCORSI STORICI","Contesto urbano":"AREA STORICO/ISTITUZIONALE","Elemento":"MARCIAPIEDE","Latitudine":38.1106918,"Longitudine":13.3509647,"Punteggio":42,"Livello accessibilita":"Parzialmente accessibile","Rilevanza":"Alta","Non valutabile":"No","N. foto rilievo":12,"Criticità Rilevate":null,"Indirizzo":null,"Nome Immobile":null,"Circoscrizione":"I","Quartiere":"Palazzo Reale - Monte di Pietà","UPL":"Palazzo Reale o Albergaria"},"geometry":{"type":"Point","coordinates":[13.3509647,38.1106918]}},
{"type":"Feature","properties":{"Codice":"VS_01","Nome/Localizzazione":"CORSO VITTORIO EMANUELE","Gruppo":"Percorso storico","Categoria":"PERCORSI STORICI","Contesto urbano":"ASSE STORICO PRINCIPALE (CASSARO), PARZIALMENTE PEDONALIZZATO","Elemento":"MARCIAPIEDE","Latitudine":38.1124171,"Longitudine":13.3533766,"Punteggio":46,"Livello accessibilita":"Parzialmente accessibile","Rilevanza":null,"Non valutabile":"No","N. foto rilievo":16,"Criticità Rilevate":null,"Indirizzo":null,"Nome Immobile":null,"Circoscrizione":"I","Quartiere":"Palazzo Reale - Monte di Pietà","UPL":"Palazzo Reale o Albergaria"},"geometry":{"type":"Point","coordinates":[13.3533766,38.1124171]}},
{"type":"Feature","properties":{"Codice":"SU_06","Nome/Localizzazione":"SAN GIOVANNI DEGLI EREMITI","Gruppo":"Sito UNESCO (edificio)","Categoria":"SERVIZI PUBBLICI – SITO UNESCO","Contesto urbano":null,"Elemento":null,"Latitudine":38.1088951,"Longitudine":13.3553765,"Punteggio":65,"Livello accessibilita":"Parzialmente inaccessibile","Rilevanza":"Alta","Non valutabile":"Si","N. foto rilievo":10,"Criticità Rilevate":"Pendenza eccessiva delle rampe; pavimentazione non idonea; porta d'ingresso antica non a norma e assenza di bagni.","Indirizzo":"VIA DEI BENEDETTINI, 3","Nome Immobile":"SAN GIOVANNI DEGLI EREMITI","Circoscrizione":"I","Quartiere":"Palazzo Reale - Monte di Pietà","UPL":"Palazzo Reale o Albergaria"},"geometry":{"type":"Point","coordinates":[13.3553765,38.1088951]}},
{"type":"Feature","properties":{"Codice":"SU_05","Nome/Localizzazione":"PALAZZO REALE E CAPPELLA PALATINA","Gruppo":"Sito UNESCO (edificio)","Categoria":"SERVIZI PUBBLICI – SITO UNESCO","Contesto urbano":null,"Elemento":null,"Latitudine":38.1112064,"Longitudine":13.3532496,"Punteggio":51,"Livello accessibilita":"Parzialmente accessibile","Rilevanza":"Alta","Non valutabile":"Si","N. foto rilievo":10,"Criticità Rilevate":"Tratti di basolato nell'accesso; ascensore con dimensioni minime non garantite; assenza di percorsi tattili e segnalazioni per ipovedenti.","Indirizzo":"PIAZZA DEL PARLAMENTO, 1","Nome Immobile":"PALAZZO REALE E CAPPELLA PALATINA","Circoscrizione":"I","Quartiere":"Palazzo Reale - Monte di Pietà","UPL":"Palazzo Reale o Albergaria"},"geometry":{"type":"Point","coordinates":[13.3532496,38.1112064]}},
{"type":"Feature","properties":{"Codice":"SU_04","Nome/Localizzazione":"CATTEDRALE DI PALERMO","Gruppo":"Sito UNESCO (edificio)","Categoria":"SERVIZI PUBBLICI – SITO UNESCO","Contesto urbano":null,"Elemento":null,"Latitudine":38.1129937,"Longitudine":13.3548189,"Punteggio":84,"Livello accessibilita":"Parzialmente inaccessibile","Rilevanza":"Alta","Non valutabile":"Si","N. foto rilievo":10,"Criticità Rilevate":"Ostacoli fisici legati alla pavimentazione storica, sconnessa e scivolosa; presenza di gradini in alcuni accessi; scale non idonee; assenza di dispositivi per l'accessibilità sensoriale e di bagni per disabili; difficoltà di accesso ad alcune aree sopraelevate.","Indirizzo":"VIA VITTORIO EMANUELE, 490","Nome Immobile":"CATTEDRALE DI PALERMO","Circoscrizione":"I","Quartiere":"Palazzo Reale - Monte di Pietà","UPL":"Palazzo Reale o Albergaria"},"geometry":{"type":"Point","coordinates":[13.3548189,38.1129937]}},
{"type":"Feature","properties":{"Codice":"A_16","Nome/Localizzazione":"NIDO BRACCIO DI FERRO","Gruppo":"Asilo","Categoria":"SERVIZI PUBBLICI – ISTRUZIONE – ASILO","Contesto urbano":null,"Elemento":null,"Latitudine":37.7233842,"Longitudine":13.4313648,"Punteggio":66,"Livello accessibilita":"Parzialmente inaccessibile","Rilevanza":"Alta","Non valutabile":"No","N. foto rilievo":4,"Criticità Rilevate":"Citofono troppo alto; porte interne non adeguate; bagno per disabili non presente; assenza di pavimentazione tattile e segnaletica per ipovedenti.","Indirizzo":"VIA S.S. CROCIFISSO, 1","Nome Immobile":"NIDO BRACCIO DI FERRO","Circoscrizione":"I","Quartiere":"Palazzo Reale - Monte di Pietà","UPL":"Palazzo Reale o Albergaria"},"geometry":{"type":"Point","coordinates":[13.357365510282108,38.110589433548839]}},
{"type":"Feature","properties":{"Codice":"S_22","Nome/Localizzazione":"SCUOLA PEREZ","Gruppo":"Scuola","Categoria":"SERVIZI PUBBLICI – ISTRUZIONE - SCUOLA SECONDARIA, DI I GRADO, PRIMARIA","Contesto urbano":null,"Elemento":null,"Latitudine":38.1070357,"Longitudine":13.3632441,"Punteggio":66,"Livello accessibilita":"Parzialmente inaccessibile","Rilevanza":"Alta","Non valutabile":"No","N. foto rilievo":7,"Criticità Rilevate":"Campanello di difficile accostamento; antico portone non idoneo; assenza maniglione antipanico nei servizi; rivestimenti bagni con scarso contrasto; assenza percorso tattile.","Indirizzo":"VIA VINCENZO ERRANTE, 13","Nome Immobile":"SCUOLA PEREZ","Circoscrizione":"III","Quartiere":"Oreto- Stazione","UPL":"Oreto Perez"},"geometry":{"type":"Point","coordinates":[13.3632441,38.1070357]}},
{"type":"Feature","properties":{"Codice":"VU_05","Nome/Localizzazione":"PIAZZA GIULIO CESARE – VIA LINCOLN","Gruppo":"Percorso UNESCO","Categoria":"PERCORSI UNESCO","Contesto urbano":"SNODO VIARIO AD ALTO SCORRIMENTO","Elemento":"MARCIAPIEDE","Latitudine":38.1098934,"Longitudine":13.3663171,"Punteggio":47,"Livello accessibilita":"Parzialmente accessibile","Rilevanza":"Alta","Non valutabile":"No","N. foto rilievo":12,"Criticità Rilevate":null,"Indirizzo":null,"Nome Immobile":null,"Circoscrizione":"III","Quartiere":"Oreto- Stazione","UPL":"Oreto Perez"},"geometry":{"type":"Point","coordinates":[13.3663171,38.1098934]}},
{"type":"Feature","properties":{"Codice":"VS_19","Nome/Localizzazione":"VIA ORETO - VIA PIETRO SPICA - VIA GIOVANNI CAMPISI - VIA BUONRIPOSO - VIA GIUSEPPE SERGI","Gruppo":"Percorso storico","Categoria":"PERCORSI STORICI","Contesto urbano":"ZONA AD ALTA DENSITÀ ABITATIVA E DI TRAFFICO","Elemento":"MARCIAPIEDE","Latitudine":38.1056503,"Longitudine":13.3679625,"Punteggio":51,"Livello accessibilita":"Parzialmente accessibile","Rilevanza":"Alta","Non valutabile":"No","N. foto rilievo":14,"Criticità Rilevate":null,"Indirizzo":null,"Nome Immobile":null,"Circoscrizione":"III","Quartiere":"Oreto- Stazione","UPL":"Oreto Perez"},"geometry":{"type":"Point","coordinates":[13.3679625,38.1056503]}},
{"type":"Feature","properties":{"Codice":"VS_14","Nome/Localizzazione":"VIA VINCENZO ERRANTE - VIA ORETO","Gruppo":"Percorso storico","Categoria":"PERCORSI STORICI","Contesto urbano":"ARTERIE ESTERNE AL CENTRO, AD ALTISSIMO SCORRIMENTO","Elemento":"MARCIAPIEDE","Latitudine":38.1078103,"Longitudine":13.364946,"Punteggio":47,"Livello accessibilita":"Parzialmente accessibile","Rilevanza":"Alta","Non valutabile":"No","N. foto rilievo":13,"Criticità Rilevate":null,"Indirizzo":null,"Nome Immobile":null,"Circoscrizione":"III","Quartiere":"Oreto- Stazione","UPL":"Oreto Perez"},"geometry":{"type":"Point","coordinates":[13.364946,38.1078103]}},
{"type":"Feature","properties":{"Codice":"VC_33","Nome/Localizzazione":"VIA GIORGIO ARCOLEO - VIA PIETRO D'ARAGONA – VIA DELLE CLINICHE – VIA LIBORIO GIUFFRÈ – VIA DEL VESPRO –","Gruppo":"Via cittadina","Categoria":"PERCORSI CITTADINI","Contesto urbano":"VIABILITÀ URBANA DI QUARTIERE/SERVIZI/ELEVATA PRESENZA PEDONALE","Elemento":"MARCIAPIEDE","Latitudine":38.1068492,"Longitudine":13.3611993,"Punteggio":51,"Livello accessibilita":"Parzialmente accessibile","Rilevanza":"Alta","Non valutabile":"No","N. foto rilievo":12,"Criticità Rilevate":null,"Indirizzo":null,"Nome Immobile":null,"Circoscrizione":"III","Quartiere":"Oreto- Stazione","UPL":"Oreto Perez"},"geometry":{"type":"Point","coordinates":[13.3611993,38.1068492]}},
{"type":"Feature","properties":{"Codice":"U_19","Nome/Localizzazione":"UFFICIO STATO CIVILE - UFFICIO ELETTORALE – ANAGRAFE","Gruppo":"Sede amministrativa/istituzionale","Categoria":"SERVIZI PUBBLICI – UFFICI - UFFICIO PUBBLICO DI SERVIZI DEMOGRAFICI","Contesto urbano":null,"Elemento":null,"Latitudine":38.1098934,"Longitudine":13.3663171,"Punteggio":65,"Livello accessibilita":"Parzialmente inaccessibile","Rilevanza":"Alta","Non valutabile":"No","N. foto rilievo":7,"Criticità Rilevate":"Ingresso con dislivelli; porte non conformi; sportello ricezione troppo alto; assenza di segnalazioni per ipovedenti.","Indirizzo":"PIAZZA GIULIO CESARE, 52","Nome Immobile":"UFFICIO STATO CIVILE - ANAGRAFE","Circoscrizione":"III","Quartiere":"Oreto- Stazione","UPL":"Oreto Perez"},"geometry":{"type":"Point","coordinates":[13.3663171,38.1098934]}},
{"type":"Feature","properties":{"Codice":"U_18","Nome/Localizzazione":"UFFICIO TRIBUTI","Gruppo":"Sede amministrativa/istituzionale","Categoria":"SERVIZI PUBBLICI – UFFICI - UFFICIO AMMINISTRATIVO COMUNALE (GESTIONE ENTRATE)","Contesto urbano":null,"Elemento":null,"Latitudine":38.1098934,"Longitudine":13.3663171,"Punteggio":67,"Livello accessibilita":"Parzialmente inaccessibile","Rilevanza":"Alta","Non valutabile":"No","N. foto rilievo":7,"Criticità Rilevate":"Percorso pedonale ristretto; rampe con pendenza eccessiva; porte antiche non a norma; guide tattili carenti; sportello informazioni troppo alto.","Indirizzo":"PIAZZA GIULIO CESARE, 6","Nome Immobile":"UFFICIO TRIBUTI","Circoscrizione":"III","Quartiere":"Oreto- Stazione","UPL":"Oreto Perez"},"geometry":{"type":"Point","coordinates":[13.3663171,38.1098934]}},
{"type":"Feature","properties":{"Codice":"S_24","Nome/Localizzazione":"SCUOLA ROSOLINO PILO","Gruppo":"Scuola","Categoria":"SERVIZI PUBBLICI – ISTRUZIONE - SCUOLA DELL’INFANZIA E PRIMARIA","Contesto urbano":null,"Elemento":null,"Latitudine":38.1031623,"Longitudine":13.3643457,"Punteggio":53,"Livello accessibilita":"Parzialmente accessibile","Rilevanza":"Alta","Non valutabile":"No","N. foto rilievo":7,"Criticità Rilevate":"Segnaletica esterna e interna ipovedenti non a norma; campanello assistenza non rispettato; assenza maniglione antipanico; WC non idoneo; barre scala distanti.","Indirizzo":"VIA LA FRANCA SEBASTIANO, 70","Nome Immobile":"SCUOLA ROSOLINO PILO","Circoscrizione":"III","Quartiere":"Oreto- Stazione","UPL":"Oreto Perez"},"geometry":{"type":"Point","coordinates":[13.3643457,38.1031623]}},
{"type":"Feature","properties":{"Codice":"VU_06","Nome/Localizzazione":"CORSO DEI MILLE","Gruppo":"Percorso UNESCO","Categoria":"PERCORSI UNESCO","Contesto urbano":"ARTERIA AD ALTO SCORRIMENTO (CENTRO STORICO-PERIFERIA)","Elemento":"MARCIAPIEDE","Latitudine":38.1078782,"Longitudine":13.3714571,"Punteggio":46,"Livello accessibilita":"Parzialmente accessibile","Rilevanza":"Alta","Non valutabile":"No","N. foto rilievo":15,"Criticità Rilevate":null,"Indirizzo":null,"Nome Immobile":null,"Circoscrizione":"II","Quartiere":"Oreto- Stazione","UPL":"Corso dei Mille - S.Erasmo"},"geometry":{"type":"Point","coordinates":[13.3714571,38.1078782]}},
{"type":"Feature","properties":{"Codice":"VS_20","Nome/Localizzazione":"CORSO DEI MILLE - VIA BRANCACCIO - VIA GERMANESE - VIA BRANCACCIO - VIA CONTE FEDERICO","Gruppo":"Percorso storico","Categoria":"PERCORSI STORICI","Contesto urbano":"ASSE PERIFERICO AD ALTO SCORRIMENTO","Elemento":"MARCIAPIEDE","Latitudine":38.1065115,"Longitudine":13.3739109,"Punteggio":56,"Livello accessibilita":"Parzialmente accessibile","Rilevanza":"Alta","Non valutabile":"No","N. foto rilievo":19,"Criticità Rilevate":null,"Indirizzo":null,"Nome Immobile":null,"Circoscrizione":"II","Quartiere":"Oreto- Stazione","UPL":"Corso dei Mille - S.Erasmo"},"geometry":{"type":"Point","coordinates":[13.3739109,38.1065115]}},
{"type":"Feature","properties":{"Codice":"VS_04","Nome/Localizzazione":"CORSO DEI MILLE - VIA GARIBALDI - VIA CANTAVESPRI - VIA CAGLIARI - VIA LIVORNO - VIA CALDERAI","Gruppo":"Percorso storico","Categoria":"PERCORSI STORICI","Contesto urbano":"VIE INTERNE AD ALTA DENSITÀ","Elemento":"MARCIAPIEDE","Latitudine":38.1065115,"Longitudine":13.3739109,"Punteggio":56,"Livello accessibilita":"Parzialmente accessibile","Rilevanza":null,"Non valutabile":"No","N. foto rilievo":14,"Criticità Rilevate":null,"Indirizzo":null,"Nome Immobile":null,"Circoscrizione":"II","Quartiere":"Oreto- Stazione","UPL":"Corso dei Mille - S.Erasmo"},"geometry":{"type":"Point","coordinates":[13.3739109,38.1065115]}},
{"type":"Feature","properties":{"Codice":"VC_51","Nome/Localizzazione":"VIA GIAN FILIPPO INGRASSIA","Gruppo":"Via cittadina","Categoria":"PERCORSI CITTADINI","Contesto urbano":"AREA RESIDENZIALE SEMICENTRALE A TRAFFICO MEDIO","Elemento":"MARCIAPIEDE","Latitudine":38.1095381,"Longitudine":13.3719922,"Punteggio":45,"Livello accessibilita":"Parzialmente accessibile","Rilevanza":"Alta","Non valutabile":"No","N. foto rilievo":9,"Criticità Rilevate":null,"Indirizzo":null,"Nome Immobile":null,"Circoscrizione":"II","Quartiere":"Oreto- Stazione","UPL":"Corso dei Mille - S.Erasmo"},"geometry":{"type":"Point","coordinates":[13.3719922,38.1095381]}},
{"type":"Feature","properties":{"Codice":"SU_07","Nome/Localizzazione":"PONTE AMMIRAGLIO","Gruppo":"Sito UNESCO (edificio)","Categoria":"SERVIZI PUBBLICI – SITO UNESCO","Contesto urbano":null,"Elemento":null,"Latitudine":38.1078782,"Longitudine":13.3714571,"Punteggio":44,"Livello accessibilita":"Parzialmente accessibile","Rilevanza":"Alta","Non valutabile":"No","N. foto rilievo":4,"Criticità Rilevate":"Pavimentazione in acciottolato/selciato non idonea; pendenza eccessiva del monumento e assenza totale di percorsi tattili.","Indirizzo":"CORSO DEI MILLE","Nome Immobile":"PONTE AMMIRAGLIO","Circoscrizione":"II","Quartiere":"Oreto- Stazione","UPL":"Corso dei Mille - S.Erasmo"},"geometry":{"type":"Point","coordinates":[13.3714571,38.1078782]}},
{"type":"Feature","properties":{"Codice":"S_28","Nome/Localizzazione":"SCUOLA CAVALLARI","Gruppo":"Scuola","Categoria":"SERVIZI PUBBLICI – ISTRUZIONE - SCUOLA PRIMARIA","Contesto urbano":null,"Elemento":null,"Latitudine":38.1078782,"Longitudine":13.3714571,"Punteggio":85,"Livello accessibilita":"Inaccessibile","Rilevanza":"Alta","Non valutabile":"No","N. foto rilievo":4,"Criticità Rilevate":"Gravi carenze strutturali; assenza di percorsi e segnaletica tattile; servizi igienici non a norma; collegamenti verticali insufficienti; campanello non accostabile e alzata scala eccessiva.","Indirizzo":"CORSO DEI MILLE, 793","Nome Immobile":"SCUOLA CAVALLARI","Circoscrizione":"II","Quartiere":"Oreto- Stazione","UPL":"Corso dei Mille - S.Erasmo"},"geometry":{"type":"Point","coordinates":[13.3714571,38.1078782]}},
{"type":"Feature","properties":{"Codice":"U_20","Nome/Localizzazione":"SERVIZI CIMITERIALI","Gruppo":"Sede amministrativa/istituzionale","Categoria":"SERVIZI PUBBLICI – UFFICI - UFFICIO AMMINISTRATIVO E GESTIONALE","Contesto urbano":null,"Elemento":null,"Latitudine":37.9306857,"Longitudine":13.6640047,"Punteggio":73,"Livello accessibilita":"Parzialmente inaccessibile","Rilevanza":"Alta","Non valutabile":"No","N. foto rilievo":7,"Criticità Rilevate":"Barriere diffuse nell'accesso; ostacoli metallici lungo i percorsi; citofono troppo alto; ascensore non funzionante; servizi igienici non adeguati (sanitari non idonei, privi di maniglione); assenza di ausili sensoriali.","Indirizzo":"VIA LINCOLN, 144","Nome Immobile":"SERVIZI CIMITERIALI","Circoscrizione":"II","Quartiere":"Oreto- Stazione","UPL":"Corso dei Mille - S.Erasmo"},"geometry":{"type":"Point","coordinates":[13.368099961865255,38.111165371694014]}},
{"type":"Feature","properties":{"Codice":"VS_03","Nome/Localizzazione":"VIA LINCOLN","Gruppo":"Percorso storico","Categoria":"PERCORSI STORICI","Contesto urbano":"VIA AD ALTO SCORRIMENTO, AREE VERDI (ORTO BOTANICO)","Elemento":"MARCIAPIEDE","Latitudine":37.9306857,"Longitudine":13.6640047,"Punteggio":43,"Livello accessibilita":"Parzialmente accessibile","Rilevanza":null,"Non valutabile":"No","N. foto rilievo":15,"Criticità Rilevate":null,"Indirizzo":null,"Nome Immobile":null,"Circoscrizione":"II","Quartiere":"Oreto- Stazione","UPL":"Corso dei Mille - S.Erasmo"},"geometry":{"type":"Point","coordinates":[13.367894861116007,38.111218065976246]}},
{"type":"Feature","properties":{"Codice":"S_23","Nome/Localizzazione":"SCUOLA AMARI","Gruppo":"Scuola","Categoria":"SERVIZI PUBBLICI – ISTRUZIONE - SCUOLA DELL’INFANZIA E PRIMARIA","Contesto urbano":null,"Elemento":null,"Latitudine":38.1095381,"Longitudine":13.3719922,"Punteggio":70,"Livello accessibilita":"Parzialmente inaccessibile","Rilevanza":"Alta","Non valutabile":"No","N. foto rilievo":7,"Criticità Rilevate":"Segnaletica esterna non a norma; campanello troppo alto; posizione maniglioni bagno errata; porta servizi senza maniglione antipanico; assenza pavimentazione tattile.","Indirizzo":"VIA GIAN FILIPPO INGRASSIA, 33","Nome Immobile":"SCUOLA AMARI","Circoscrizione":"II","Quartiere":"Oreto- Stazione","UPL":"Corso dei Mille - S.Erasmo"},"geometry":{"type":"Point","coordinates":[13.3719922,38.1095381]}},
{"type":"Feature","properties":{"Codice":"S_26","Nome/Localizzazione":"SCUOLA OBERDAN","Gruppo":"Scuola","Categoria":"SERVIZI PUBBLICI – ISTRUZIONE - SCUOLA DELL’INFANZIA","Contesto urbano":null,"Elemento":null,"Latitudine":38.1000339,"Longitudine":13.3725804,"Punteggio":58,"Livello accessibilita":"Parzialmente accessibile","Rilevanza":"Alta","Non valutabile":"No","N. foto rilievo":4,"Criticità Rilevate":"Scalino d'ingresso; pavimentazione interna scivolosa; maniglioni bagno insufficienti; assenza segnali ipovedenti; pendenza rampa eccessiva.","Indirizzo":"LARGO ERCOLE PIETRO","Nome Immobile":"SCUOLA OBERDAN","Circoscrizione":"III","Quartiere":"Oreto- Stazione","UPL":"Oreto Guadagna"},"geometry":{"type":"Point","coordinates":[13.3725804,38.1000339]}},
{"type":"Feature","properties":{"Codice":"A_26","Nome/Localizzazione":"NIDO IL FARO","Gruppo":"Asilo","Categoria":"SERVIZI PUBBLICI – ISTRUZIONE – ASILO","Contesto urbano":null,"Elemento":null,"Latitudine":38.0920247,"Longitudine":13.3750638,"Punteggio":66,"Livello accessibilita":"Parzialmente inaccessibile","Rilevanza":"Alta","Non valutabile":"No","N. foto rilievo":4,"Criticità Rilevate":"Citofono troppo alto; porte interne di dimensioni insufficienti; bagno disabili non presente; assenza di indicazioni per ipovedenti e pavimentazione tattile.","Indirizzo":"VIA GIUSEPPE PARATORE, 13","Nome Immobile":"NIDO IL FARO","Circoscrizione":"III","Quartiere":"Oreto- Stazione","UPL":"Oreto Guadagna"},"geometry":{"type":"Point","coordinates":[13.3750638,38.0920247]}},
{"type":"Feature","properties":{"Codice":"VC_52","Nome/Localizzazione":"VIA PAOLO ORSI – VIA GIUSEPPE PARATORE","Gruppo":"Via cittadina","Categoria":"PERCORSI CITTADINI","Contesto urbano":"AREA RESIDENZIALE SEMICENTRALE A TRAFFICO MEDIO","Elemento":"MARCIAPIEDE","Latitudine":38.0943142,"Longitudine":13.3744804,"Punteggio":38,"Livello accessibilita":"Accessibile","Rilevanza":"Alta","Non valutabile":"No","N. foto rilievo":8,"Criticità Rilevate":null,"Indirizzo":null,"Nome Immobile":null,"Circoscrizione":"III","Quartiere":"Oreto- Stazione","UPL":"Oreto Guadagna"},"geometry":{"type":"Point","coordinates":[13.3744804,38.0943142]}},
{"type":"Feature","properties":{"Codice":"VC_35","Nome/Localizzazione":"VIA FRANCESCO LA COLLA – VIA ORETO – VIA ANTONIO TANTILLO","Gruppo":"Via cittadina","Categoria":"PERCORSI CITTADINI","Contesto urbano":"RESIDENZIALE POPOLARE","Elemento":"MARCIAPIEDE","Latitudine":38.1008251,"Longitudine":13.3722468,"Punteggio":38,"Livello accessibilita":"Accessibile","Rilevanza":"Alta","Non valutabile":"No","N. foto rilievo":16,"Criticità Rilevate":null,"Indirizzo":null,"Nome Immobile":null,"Circoscrizione":"III","Quartiere":"Oreto- Stazione","UPL":"Oreto Guadagna"},"geometry":{"type":"Point","coordinates":[13.3722468,38.1008251]}},
{"type":"Feature","properties":{"Codice":"VC_34","Nome/Localizzazione":"VIA ORETO – VIA BERGAMO – VIA ROCCO JEMMA","Gruppo":"Via cittadina","Categoria":"PERCORSI CITTADINI","Contesto urbano":"SERVIZI/INTENSO FLUSSO PEDONALE","Elemento":"MARCIAPIEDE","Latitudine":38.0949762,"Longitudine":13.3750419,"Punteggio":48,"Livello accessibilita":"Parzialmente accessibile","Rilevanza":"Alta","Non valutabile":"No","N. foto rilievo":16,"Criticità Rilevate":null,"Indirizzo":null,"Nome Immobile":null,"Circoscrizione":"III","Quartiere":"Oreto- Stazione","UPL":"Oreto Guadagna"},"geometry":{"type":"Point","coordinates":[13.3750419,38.0949762]}},
{"type":"Feature","properties":{"Codice":"U_22","Nome/Localizzazione":"CIRCOSCRIZIONE III SPORTELLO POLIFUNZIONALE","Gruppo":"Sede amministrativa/istituzionale","Categoria":"SERVIZI PUBBLICI – UFFICI - SPORTELLO POLIFUNZIONALE DI SERVIZI DEMOGRAFICI E AMMINISTRATIVI","Contesto urbano":null,"Elemento":null,"Latitudine":38.1008251,"Longitudine":13.3722468,"Punteggio":56,"Livello accessibilita":"Parzialmente accessibile","Rilevanza":"Alta","Non valutabile":"No","N. foto rilievo":4,"Criticità Rilevate":null,"Indirizzo":null,"Nome Immobile":null,"Circoscrizione":"III","Quartiere":"Oreto- Stazione","UPL":"Oreto Guadagna"},"geometry":{"type":"Point","coordinates":[13.3722468,38.1008251]}},
{"type":"Feature","properties":{"Codice":"VS_18","Nome/Localizzazione":"VIA GIOVANNI ARGENTO - VIA ENRICO TOTI - PIAZZA MONTEGRAPPA","Gruppo":"Percorso storico","Categoria":"PERCORSI STORICI","Contesto urbano":"STRADE INTERNE AREA SEMI-CENTRALE/ISTITUZIONALE","Elemento":"MARCIAPIEDE","Latitudine":38.1065401,"Longitudine":13.3539795,"Punteggio":54,"Livello accessibilita":"Parzialmente accessibile","Rilevanza":"Alta","Non valutabile":"No","N. foto rilievo":13,"Criticità Rilevate":null,"Indirizzo":null,"Nome Immobile":null,"Circoscrizione":"IV","Quartiere":"S. Rosalia - Montegrappa","UPL":"Montegrappa"},"geometry":{"type":"Point","coordinates":[13.3539795,38.1065401]}},
{"type":"Feature","properties":{"Codice":"AV_20","Nome/Localizzazione":"GIARDINO, VIA ERNESTO BASILE","Gruppo":"Area verde","Categoria":"AREE URBANE","Contesto urbano":"AMBITO RESIDENZIALE INTENSIVO AD ALTO SCORRIMENTO","Elemento":"PERCORSI INTERNI","Latitudine":38.0974948,"Longitudine":13.3455136,"Punteggio":44,"Livello accessibilita":"Parzialmente accessibile","Rilevanza":"Alta","Non valutabile":"No","N. foto rilievo":10,"Criticità Rilevate":null,"Indirizzo":null,"Nome Immobile":null,"Circoscrizione":"IV","Quartiere":"S. Rosalia - Montegrappa","UPL":"S.Rosalia"},"geometry":{"type":"Point","coordinates":[13.3455136,38.0974948]}},
{"type":"Feature","properties":{"Codice":"A_24","Nome/Localizzazione":"NIDO MARICÒ","Gruppo":"Asilo","Categoria":"SERVIZI PUBBLICI – ISTRUZIONE – ASILO","Contesto urbano":null,"Elemento":null,"Latitudine":38.0977597,"Longitudine":13.3464656,"Punteggio":58,"Livello accessibilita":"Parzialmente accessibile","Rilevanza":"Alta","Non valutabile":"No","N. foto rilievo":6,"Criticità Rilevate":"Pavimentazione esterna sconnessa; bagno non fruibile; porta non idonea; assenza di pavimentazione tattile.","Indirizzo":"VIA PELLIGRA, 4","Nome Immobile":"NIDO MARICÒ","Circoscrizione":"IV","Quartiere":"S. Rosalia - Montegrappa","UPL":"S.Rosalia"},"geometry":{"type":"Point","coordinates":[13.3464656,38.0977597]}},
{"type":"Feature","properties":{"Codice":"A_25","Nome/Localizzazione":"ASILO GALANTE","Gruppo":"Asilo","Categoria":"SERVIZI PUBBLICI – ISTRUZIONE – ASILO","Contesto urbano":null,"Elemento":null,"Latitudine":38.1123308,"Longitudine":13.3445983,"Punteggio":58,"Livello accessibilita":"Parzialmente accessibile","Rilevanza":"Alta","Non valutabile":"No","N. foto rilievo":4,"Criticità Rilevate":"Fughe larghe nel percorso di accesso; citofono troppo alto; sistemi di sollevamento verticale non a norma; assenza pavimentazione tattile.","Indirizzo":"PIAZZA DANISINNI","Nome Immobile":"ASILO GALANTE","Circoscrizione":"IV","Quartiere":"Cuba-Calatafimi","UPL":"Cuba - Calatafimi"},"geometry":{"type":"Point","coordinates":[13.3445983,38.1123308]}},
{"type":"Feature","properties":{"Codice":"VS_41","Nome/Localizzazione":"VIA GIUSEPPE PITRE’","Gruppo":"Percorso storico","Categoria":"PERCORSI STORICI","Contesto urbano":"ASSE DI SCORRIMENTO AREA ADIACENTE IL CENTRO STORICO","Elemento":"MARCIAPIEDE","Latitudine":38.1104945,"Longitudine":13.3302451,"Punteggio":40,"Livello accessibilita":"Parzialmente accessibile","Rilevanza":"Alta","Non valutabile":"No","N. foto rilievo":18,"Criticità Rilevate":null,"Indirizzo":null,"Nome Immobile":null,"Circoscrizione":"IV","Quartiere":"Cuba-Calatafimi","UPL":"Cuba - Calatafimi"},"geometry":{"type":"Point","coordinates":[13.3302451,38.1104945]}},
{"type":"Feature","properties":{"Codice":"VS_40","Nome/Localizzazione":"VIA PINDEMONTE","Gruppo":"Percorso storico","Categoria":"PERCORSI STORICI","Contesto urbano":"ASSE STORICO PRINCIPALE (CASSARO), PARZIALMENTE PEDONALIZZATO","Elemento":"MARCIAPIEDE","Latitudine":38.1089063,"Longitudine":13.340187,"Punteggio":44,"Livello accessibilita":"Parzialmente accessibile","Rilevanza":"Alta","Non valutabile":"No","N. foto rilievo":14,"Criticità Rilevate":null,"Indirizzo":null,"Nome Immobile":null,"Circoscrizione":"IV","Quartiere":"Cuba-Calatafimi","UPL":"Cuba - Calatafimi"},"geometry":{"type":"Point","coordinates":[13.340187,38.1089063]}},
{"type":"Feature","properties":{"Codice":"VS_16","Nome/Localizzazione":"CORSO RE RUGGERO","Gruppo":"Percorso storico","Categoria":"PERCORSI STORICI","Contesto urbano":"ASSE STORICO E MONUMENTALE (VICINO PALAZZO REALE)","Elemento":"MARCIAPIEDE","Latitudine":38.1093152,"Longitudine":13.3536092,"Punteggio":48,"Livello accessibilita":"Parzialmente accessibile","Rilevanza":"Alta","Non valutabile":"No","N. foto rilievo":12,"Criticità Rilevate":null,"Indirizzo":null,"Nome Immobile":null,"Circoscrizione":"IV","Quartiere":"Cuba-Calatafimi","UPL":"Cuba - Calatafimi"},"geometry":{"type":"Point","coordinates":[13.3536092,38.1093152]}},
{"type":"Feature","properties":{"Codice":"VU_01","Nome/Localizzazione":"VIA MICHELE PIAZZA – VIA SILVIO PELLICO – VIA ZISA – PIAZZA INGASTONE – VIA COLONNA ROTTA","Gruppo":"Percorso UNESCO","Categoria":"PERCORSI UNESCO","Contesto urbano":"VIE DI ACCESSO AREA STORICO-ISTITUZIONALE","Elemento":"MARCIAPIEDE","Latitudine":38.1162108,"Longitudine":13.3442485,"Punteggio":50,"Livello accessibilita":"Parzialmente accessibile","Rilevanza":"Alta","Non valutabile":"No","N. foto rilievo":14,"Criticità Rilevate":null,"Indirizzo":null,"Nome Immobile":null,"Circoscrizione":"V","Quartiere":"Zisa","UPL":"Zisa - Ingastone"},"geometry":{"type":"Point","coordinates":[13.3442485,38.1162108]}},
{"type":"Feature","properties":{"Codice":"VS_42","Nome/Localizzazione":"VIA CIPRESSI – VIA REGINA BIANCA","Gruppo":"Percorso storico","Categoria":"PERCORSI STORICI","Contesto urbano":"ARTERIE INTERNE PERIFERICHE","Elemento":"MARCIAPIEDE","Latitudine":38.1142699,"Longitudine":13.3452212,"Punteggio":58,"Livello accessibilita":"Parzialmente accessibile","Rilevanza":"Alta","Non valutabile":"No","N. foto rilievo":13,"Criticità Rilevate":null,"Indirizzo":null,"Nome Immobile":null,"Circoscrizione":"V","Quartiere":"Zisa","UPL":"Zisa - Ingastone"},"geometry":{"type":"Point","coordinates":[13.3452212,38.1142699]}},
{"type":"Feature","properties":{"Codice":"VC_27","Nome/Localizzazione":"VIA MICHELE PIAZZA – VIA EUGENIO L’EMIRO – VIA MICHELE SCOTO – VIA NINA SICILIANA – VIA PERPIGNANO – VIA","Gruppo":"Via cittadina","Categoria":"PERCORSI CITTADINI","Contesto urbano":"ALTA DENSITÀ/RESIDENZIALE","Elemento":"MARCIAPIEDE","Latitudine":38.1162108,"Longitudine":13.3442485,"Punteggio":49,"Livello accessibilita":"Parzialmente accessibile","Rilevanza":"Alta","Non valutabile":"No","N. foto rilievo":18,"Criticità Rilevate":null,"Indirizzo":null,"Nome Immobile":null,"Circoscrizione":"V","Quartiere":"Zisa","UPL":"Zisa - Ingastone"},"geometry":{"type":"Point","coordinates":[13.3442485,38.1162108]}},
{"type":"Feature","properties":{"Codice":"SU_01","Nome/Localizzazione":"LA ZISA","Gruppo":"Sito UNESCO (edificio)","Categoria":"SERVIZI PUBBLICI – SITO UNESCO","Contesto urbano":null,"Elemento":null,"Latitudine":38.1174592,"Longitudine":13.3437755,"Punteggio":93,"Livello accessibilita":"Inaccessibile","Rilevanza":"Alta","Non valutabile":"No","N. foto rilievo":7,"Criticità Rilevate":"Elevata presenza di barriere fisiche e sensoriali; pavimentazione interna sconnessa; assenza di percorsi guidati, mappe tattili e percorsi per ipovedenti; biglietteria troppo alta e scale non accessibili.","Indirizzo":"VIA GUGLIELMO IL BUONO, 1","Nome Immobile":"LA ZISA","Circoscrizione":"V","Quartiere":"Zisa","UPL":"Zisa - Ingastone"},"geometry":{"type":"Point","coordinates":[13.3437755,38.1174592]}},
{"type":"Feature","properties":{"Codice":"AV_16","Nome/Localizzazione":"GIARDINO DELLA ZISA","Gruppo":"Area verde","Categoria":"AREE URBANE","Contesto urbano":"AMBITO RESIDENZIALE","Elemento":"PERCORSI INTERNI","Latitudine":38.1165774,"Longitudine":13.3426988,"Punteggio":47,"Livello accessibilita":"Parzialmente accessibile","Rilevanza":"Alta","Non valutabile":"No","N. foto rilievo":10,"Criticità Rilevate":null,"Indirizzo":null,"Nome Immobile":null,"Circoscrizione":"V","Quartiere":"Zisa","UPL":"Zisa - Ingastone"},"geometry":{"type":"Point","coordinates":[13.3426988,38.1165774]}},
{"type":"Feature","properties":{"Codice":"S_19","Nome/Localizzazione":"SCUOLA COLOZZA","Gruppo":"Scuola","Categoria":"SERVIZI PUBBLICI – ISTRUZIONE - SCUOLA DELL’INFANZIA E PRIMARIA","Contesto urbano":null,"Elemento":null,"Latitudine":38.1178586,"Longitudine":13.3485259,"Punteggio":63,"Livello accessibilita":"Parzialmente inaccessibile","Rilevanza":"Alta","Non valutabile":"No","N. foto rilievo":6,"Criticità Rilevate":"Campanello e citofono non raggiungibili; assenza maniglione antipanico su porta bagno; segnaletica ipovedenti insufficiente; superficie esterna discontinua.","Indirizzo":"VIA IMERA, 32","Nome Immobile":"SCUOLA COLOZZA","Circoscrizione":"V","Quartiere":"Zisa","UPL":"Olivuzza"},"geometry":{"type":"Point","coordinates":[13.3485259,38.1178586]}},
{"type":"Feature","properties":{"Codice":"S_17","Nome/Localizzazione":"SCUOLA CAPUANA","Gruppo":"Scuola","Categoria":"SERVIZI PUBBLICI – ISTRUZIONE - SCUOLA PRIMARIA","Contesto urbano":null,"Elemento":null,"Latitudine":38.1201473,"Longitudine":13.3446468,"Punteggio":75,"Livello accessibilita":"Parzialmente inaccessibile","Rilevanza":"Alta","Non valutabile":"No","N. foto rilievo":7,"Criticità Rilevate":"Antico portone inidoneo; assenza maniglioni nei bagni ai piani; pendenza rampa eccessiva; pavimentazione parzialmente scivolosa; assenza segnaletica tattile.","Indirizzo":"VIA ALESSIO NARBONE, 55","Nome Immobile":"SCUOLA CAPUANA","Circoscrizione":"V","Quartiere":"Zisa","UPL":"Olivuzza"},"geometry":{"type":"Point","coordinates":[13.3446468,38.1201473]}},
{"type":"Feature","properties":{"Codice":"VS_34","Nome/Localizzazione":"CORSO CAMILLO FINOCCHIARO APRILE – VIA GIUSEPPE WHITAKER – VIA IMERA","Gruppo":"Percorso storico","Categoria":"PERCORSI STORICI","Contesto urbano":"CORSO AD ALTO SCORRIMENTO","Elemento":"MARCIAPIEDE","Latitudine":37.7205819,"Longitudine":13.4330215,"Punteggio":46,"Livello accessibilita":"Parzialmente accessibile","Rilevanza":"Alta","Non valutabile":"No","N. foto rilievo":17,"Criticità Rilevate":null,"Indirizzo":null,"Nome Immobile":null,"Circoscrizione":"V","Quartiere":"Zisa","UPL":"Olivuzza"},"geometry":{"type":"Point","coordinates":[13.34831652423029,38.118724401122655]}},
{"type":"Feature","properties":{"Codice":"VC_28","Nome/Localizzazione":"VIA PERPIGNANO – VIA GIROLAMO SAVONAROLA – VIA G. EVANGELISTA DI BLASI","Gruppo":"Via cittadina","Categoria":"PERCORSI CITTADINI","Contesto urbano":"AREA A TRAFFICO ELEVATO","Elemento":"MARCIAPIEDE","Latitudine":38.1192898,"Longitudine":13.3364552,"Punteggio":56,"Livello accessibilita":"Parzialmente accessibile","Rilevanza":"Alta","Non valutabile":"No","N. foto rilievo":18,"Criticità Rilevate":null,"Indirizzo":null,"Nome Immobile":null,"Circoscrizione":"V","Quartiere":"Zisa","UPL":"Zisa - 4 Camere"},"geometry":{"type":"Point","coordinates":[13.3364552,38.1192898]}},
{"type":"Feature","properties":{"Codice":"A_11","Nome/Localizzazione":"NIDO TOPOLINO","Gruppo":"Asilo","Categoria":"SERVIZI PUBBLICI – ISTRUZIONE – ASILO","Contesto urbano":null,"Elemento":null,"Latitudine":38.1144766,"Longitudine":13.3386984,"Punteggio":57,"Livello accessibilita":"Parzialmente accessibile","Rilevanza":"Alta","Non valutabile":"No","N. foto rilievo":4,"Criticità Rilevate":"Citofono troppo alto; maniglioni insufficienti nei servizi igienici; pavimentazione non idonea; assenza di pavimentazione tattile.","Indirizzo":"VIA EUGENIO L’EMIRO, 152","Nome Immobile":"NIDO TOPOLINO","Circoscrizione":"V","Quartiere":"Zisa","UPL":"Zisa - 4 Camere"},"geometry":{"type":"Point","coordinates":[13.3386984,38.1144766]}},
{"type":"Feature","properties":{"Codice":"A_10","Nome/Localizzazione":"NIDO GIRASOLE","Gruppo":"Asilo","Categoria":"SERVIZI PUBBLICI – ISTRUZIONE – ASILO","Contesto urbano":null,"Elemento":null,"Latitudine":38.1192898,"Longitudine":13.3364552,"Punteggio":56,"Livello accessibilita":"Parzialmente accessibile","Rilevanza":"Alta","Non valutabile":"No","N. foto rilievo":4,"Criticità Rilevate":"Citofono troppo alto; bagno disabili non fruibile; assenza pavimentazione tattile e segnalazione per ipovedenti.","Indirizzo":"VIA PERPIGNANO, 287","Nome Immobile":"NIDO GIRASOLE","Circoscrizione":"V","Quartiere":"Zisa","UPL":"Zisa - 4 Camere"},"geometry":{"type":"Point","coordinates":[13.3364552,38.1192898]}},
{"type":"Feature","properties":{"Codice":"AV_15","Nome/Localizzazione":"GIARDINO, PIAZZA SANT’OLIVA","Gruppo":"Area verde","Categoria":"AREE URBANE","Contesto urbano":"AMBITO RESIDENZIALE/COMMERCIALE","Elemento":"PERCORSI INTERNI","Latitudine":38.1231849,"Longitudine":13.3538799,"Punteggio":46,"Livello accessibilita":"Parzialmente accessibile","Rilevanza":"Alta","Non valutabile":"No","N. foto rilievo":10,"Criticità Rilevate":null,"Indirizzo":null,"Nome Immobile":null,"Circoscrizione":"VIII","Quartiere":"Politeama","UPL":"S.Francesco di Paola - Terrasanta"},"geometry":{"type":"Point","coordinates":[13.3538799,38.1231849]}},
{"type":"Feature","properties":{"Codice":"AV_13","Nome/Localizzazione":"GIARDINO, PIAZZA LOLLI","Gruppo":"Area verde","Categoria":"AREE URBANE","Contesto urbano":"AMBITO RESIDENZIALE","Elemento":"PERCORSI INTERNI","Latitudine":38.1236826,"Longitudine":13.3467182,"Punteggio":39,"Livello accessibilita":"Parzialmente accessibile","Rilevanza":"Alta","Non valutabile":"No","N. foto rilievo":7,"Criticità Rilevate":null,"Indirizzo":null,"Nome Immobile":null,"Circoscrizione":"VIII","Quartiere":"Politeama","UPL":"S.Francesco di Paola - Terrasanta"},"geometry":{"type":"Point","coordinates":[13.3467182,38.1236826]}},
{"type":"Feature","properties":{"Codice":"AV_09","Nome/Localizzazione":"VILLA TRABIA, VIA SALINAS","Gruppo":"Area verde","Categoria":"AREE URBANE","Contesto urbano":"AMBITO STORICO-RESIDENZIALE DI PREGIO","Elemento":"PERCORSI INTERNI","Latitudine":38.1292625,"Longitudine":13.3463568,"Punteggio":40,"Livello accessibilita":"Parzialmente accessibile","Rilevanza":"Alta","Non valutabile":"No","N. foto rilievo":10,"Criticità Rilevate":null,"Indirizzo":null,"Nome Immobile":null,"Circoscrizione":"VIII","Quartiere":"Politeama","UPL":"S.Francesco di Paola - Terrasanta"},"geometry":{"type":"Point","coordinates":[13.3463568,38.1292625]}},
{"type":"Feature","properties":{"Codice":"VS_32","Nome/Localizzazione":"VIA BRUNETTO LATINI","Gruppo":"Percorso storico","Categoria":"PERCORSI STORICI","Contesto urbano":"VIA INTERNA","Elemento":"MARCIAPIEDE","Latitudine":38.1230652,"Longitudine":13.3500553,"Punteggio":44,"Livello accessibilita":"Parzialmente accessibile","Rilevanza":"Alta","Non valutabile":"No","N. foto rilievo":12,"Criticità Rilevate":null,"Indirizzo":null,"Nome Immobile":null,"Circoscrizione":"VIII","Quartiere":"Politeama","UPL":"S.Francesco di Paola - Terrasanta"},"geometry":{"type":"Point","coordinates":[13.3500553,38.1230652]}},
{"type":"Feature","properties":{"Codice":"VS_31","Nome/Localizzazione":"VIA SANT’OLIVA – PIAZZA SAN FRANCESCO DI PAOLA","Gruppo":"Percorso storico","Categoria":"PERCORSI STORICI","Contesto urbano":"ZONA CENTRALE E COMMERCIALE","Elemento":"MARCIAPIEDE","Latitudine":38.1220183,"Longitudine":13.3531347,"Punteggio":44,"Livello accessibilita":"Parzialmente accessibile","Rilevanza":"Alta","Non valutabile":"No","N. foto rilievo":12,"Criticità Rilevate":null,"Indirizzo":null,"Nome Immobile":null,"Circoscrizione":"VIII","Quartiere":"Politeama","UPL":"S.Francesco di Paola - Terrasanta"},"geometry":{"type":"Point","coordinates":[13.3531347,38.1220183]}},
{"type":"Feature","properties":{"Codice":"VS_30","Nome/Localizzazione":"VIA PIGNATELLI ARAGONA","Gruppo":"Percorso storico","Categoria":"PERCORSI STORICI","Contesto urbano":"ASSE PERIFERICO AD ALTO SCORRIMENTO","Elemento":"MARCIAPIEDE","Latitudine":38.1210818,"Longitudine":13.3553392,"Punteggio":44,"Livello accessibilita":"Parzialmente accessibile","Rilevanza":"Alta","Non valutabile":"No","N. foto rilievo":12,"Criticità Rilevate":null,"Indirizzo":null,"Nome Immobile":null,"Circoscrizione":"VIII","Quartiere":"Politeama","UPL":"S.Francesco di Paola - Terrasanta"},"geometry":{"type":"Point","coordinates":[13.3553392,38.1210818]}},
{"type":"Feature","properties":{"Codice":"VS_29","Nome/Localizzazione":"VIA VOLTURNO - VIA SALESIO BALSANO - VIA VILLA FILIPPINA","Gruppo":"Percorso storico","Categoria":"PERCORSI STORICI","Contesto urbano":"AREA AD ALTA DENSITÀ (TEATRO MASSIMO)","Elemento":"MARCIAPIEDE","Latitudine":38.1197156,"Longitudine":13.3547769,"Punteggio":54,"Livello accessibilita":"Parzialmente accessibile","Rilevanza":"Alta","Non valutabile":"No","N. foto rilievo":13,"Criticità Rilevate":null,"Indirizzo":null,"Nome Immobile":null,"Circoscrizione":"VIII","Quartiere":"Politeama","UPL":"S.Francesco di Paola - Terrasanta"},"geometry":{"type":"Point","coordinates":[13.3547769,38.1197156]}},
{"type":"Feature","properties":{"Codice":"VC_49","Nome/Localizzazione":"VIA DAMIANI ALMEYDA","Gruppo":"Via cittadina","Categoria":"PERCORSI CITTADINI","Contesto urbano":"AREA RESIDENZIALE SEMICENTRALE","Elemento":"MARCIAPIEDE","Latitudine":38.1308301,"Longitudine":13.3455672,"Punteggio":41,"Livello accessibilita":"Parzialmente accessibile","Rilevanza":"Alta","Non valutabile":"No","N. foto rilievo":12,"Criticità Rilevate":null,"Indirizzo":null,"Nome Immobile":null,"Circoscrizione":"VIII","Quartiere":"Politeama","UPL":"S.Francesco di Paola - Terrasanta"},"geometry":{"type":"Point","coordinates":[13.3455672,38.1308301]}},
{"type":"Feature","properties":{"Codice":"VC_41","Nome/Localizzazione":"VIA TERRASANTA – VIA GIUSEPPE SCIUTI – VIA EMPEDOCLE RESTIVO – VIALE STRASBURGO","Gruppo":"Via cittadina","Categoria":"PERCORSI CITTADINI","Contesto urbano":"ZONA RESIDENZIALE E ISTITUZIONALE","Elemento":"MARCIAPIEDE","Latitudine":38.1300172,"Longitudine":13.3447437,"Punteggio":32,"Livello accessibilita":"Accessibile","Rilevanza":"Alta","Non valutabile":"No","N. foto rilievo":13,"Criticità Rilevate":null,"Indirizzo":null,"Nome Immobile":null,"Circoscrizione":"VIII","Quartiere":"Politeama","UPL":"S.Francesco di Paola - Terrasanta"},"geometry":{"type":"Point","coordinates":[13.3447437,38.1300172]}},
{"type":"Feature","properties":{"Codice":"S_11","Nome/Localizzazione":"SCUOLA PITRÈ","Gruppo":"Scuola","Categoria":"SERVIZI PUBBLICI – ISTRUZIONE - SCUOLA PRIMARIA","Contesto urbano":null,"Elemento":null,"Latitudine":38.1308301,"Longitudine":13.3455672,"Punteggio":70,"Livello accessibilita":"Parzialmente inaccessibile","Rilevanza":"Alta","Non valutabile":"No","N. foto rilievo":7,"Criticità Rilevate":"Mancanza rampa per piano rialzato; campanello inaccostabile; maniglioni bagno insufficienti; fasce cromatiche che confondono; assenza percorso tattile.","Indirizzo":"VIA DAMIANI ALMEYDA, 2","Nome Immobile":"SCUOLA PITRÈ","Circoscrizione":"VIII","Quartiere":"Politeama","UPL":"S.Francesco di Paola - Terrasanta"},"geometry":{"type":"Point","coordinates":[13.3455672,38.1308301]}},
{"type":"Feature","properties":{"Codice":"M_01","Nome/Localizzazione":"PALAZZO ZIINO","Gruppo":"Museo","Categoria":"SERVIZI PUBBLICI – MUSEO","Contesto urbano":null,"Elemento":null,"Latitudine":38.1240788,"Longitudine":13.3517003,"Punteggio":69,"Livello accessibilita":"Parzialmente inaccessibile","Rilevanza":"Alta","Non valutabile":"No","N. foto rilievo":10,"Criticità Rilevate":null,"Indirizzo":null,"Nome Immobile":null,"Circoscrizione":"VIII","Quartiere":"Politeama","UPL":"S.Francesco di Paola - Terrasanta"},"geometry":{"type":"Point","coordinates":[13.3517003,38.1240788]}},
{"type":"Feature","properties":{"Codice":"S_18","Nome/Localizzazione":"SCUOLA TURRISI","Gruppo":"Scuola","Categoria":"SERVIZI PUBBLICI – ISTRUZIONE - SCUOLA DELL’INFANZIA E PRIMARIA","Contesto urbano":null,"Elemento":null,"Latitudine":38.154876,"Longitudine":13.1091582,"Punteggio":69,"Livello accessibilita":"Parzialmente inaccessibile","Rilevanza":"Alta","Non valutabile":"No","N. foto rilievo":5,"Criticità Rilevate":"Water non idoneo; pavimentazione interna confondente; corrimano non sempre presente; assenza pavimentazione tattile; porta non idonea.","Indirizzo":"PIAZZA VITTORIO EMANUELE ORLANDO, 3","Nome Immobile":"SCUOLA TURRISI","Circoscrizione":"VIII","Quartiere":"Politeama","UPL":"S.Francesco di Paola - Terrasanta"},"geometry":{"type":"Point","coordinates":[13.352783330912557,38.119830600140858]}},
{"type":"Feature","properties":{"Codice":"VS_37","Nome/Localizzazione":"VIA DOMENICO LANCIA DI BROLO","Gruppo":"Percorso storico","Categoria":"PERCORSI STORICI","Contesto urbano":"VIA INTERNA PERIFERICA","Elemento":"MARCIAPIEDE","Latitudine":38.1241838,"Longitudine":13.335454,"Punteggio":50,"Livello accessibilita":"Parzialmente accessibile","Rilevanza":"Alta","Non valutabile":"No","N. foto rilievo":13,"Criticità Rilevate":null,"Indirizzo":null,"Nome Immobile":null,"Circoscrizione":"V","Quartiere":"Noce","UPL":"Noce"},"geometry":{"type":"Point","coordinates":[13.335454,38.1241838]}},
{"type":"Feature","properties":{"Codice":"VS_36","Nome/Localizzazione":"VIA RUGGERONE DA PALERMO – VIA TOMMASO CALOJRA – FONDO LA MANNA","Gruppo":"Percorso storico","Categoria":"PERCORSI STORICI","Contesto urbano":"VIA INTERNA PERIFERICAE","Elemento":"MARCIAPIEDE","Latitudine":38.1208412,"Longitudine":13.3329527,"Punteggio":53,"Livello accessibilita":"Parzialmente accessibile","Rilevanza":"Alta","Non valutabile":"No","N. foto rilievo":14,"Criticità Rilevate":null,"Indirizzo":null,"Nome Immobile":null,"Circoscrizione":"V","Quartiere":"Noce","UPL":"Noce"},"geometry":{"type":"Point","coordinates":[13.3329527,38.1208412]}},
{"type":"Feature","properties":{"Codice":"VS_35","Nome/Localizzazione":"VIA NOCE – VIA GIUSEPPE EVANGELISTA DI BLASI","Gruppo":"Percorso storico","Categoria":"PERCORSI STORICI","Contesto urbano":"VIA INTERNA PERIFERICA","Elemento":"MARCIAPIEDE","Latitudine":38.1208444,"Longitudine":13.3361534,"Punteggio":43,"Livello accessibilita":"Parzialmente accessibile","Rilevanza":"Alta","Non valutabile":"No","N. foto rilievo":15,"Criticità Rilevate":null,"Indirizzo":null,"Nome Immobile":null,"Circoscrizione":"V","Quartiere":"Noce","UPL":"Noce"},"geometry":{"type":"Point","coordinates":[13.3361534,38.1208444]}},
{"type":"Feature","properties":{"Codice":"VC_31","Nome/Localizzazione":"VIA DOMENICO LANCIA DI BROLO - VIA ENRICO FERMI – VIA ANTONIO PACINOTTI – VIA GALILEO GALILEI – VIA","Gruppo":"Via cittadina","Categoria":"PERCORSI CITTADINI","Contesto urbano":"SEMICENTRALE – ALTA DENSITÀ","Elemento":"MARCIAPIEDE","Latitudine":38.1241838,"Longitudine":13.335454,"Punteggio":42,"Livello accessibilita":"Parzialmente accessibile","Rilevanza":"Alta","Non valutabile":"No","N. foto rilievo":19,"Criticità Rilevate":null,"Indirizzo":null,"Nome Immobile":null,"Circoscrizione":"V","Quartiere":"Noce","UPL":"Noce"},"geometry":{"type":"Point","coordinates":[13.335454,38.1241838]}},
{"type":"Feature","properties":{"Codice":"S_12","Nome/Localizzazione":"SCUOLA DE AMICIS","Gruppo":"Scuola","Categoria":"SERVIZI PUBBLICI – ISTRUZIONE - SCUOLA SECONDARIA E DI I GRADO","Contesto urbano":null,"Elemento":null,"Latitudine":38.12647,"Longitudine":13.3374483,"Punteggio":58,"Livello accessibilita":"Parzialmente accessibile","Rilevanza":"Alta","Non valutabile":"No","N. foto rilievo":4,"Criticità Rilevate":"Segnaletica orizzontale non a norma; corridoi parzialmente idonei; assenza percorso tattile e pavimentazione tattile.","Indirizzo":"VIA SERRADIFALCO, 190","Nome Immobile":"SCUOLA DE AMICIS","Circoscrizione":"V","Quartiere":"Noce","UPL":"Noce"},"geometry":{"type":"Point","coordinates":[13.3374483,38.12647]}},
{"type":"Feature","properties":{"Codice":"AV_12","Nome/Localizzazione":"PARCO NAZARIO SAURO, VIA NAZARIO SAURO","Gruppo":"Area verde","Categoria":"AREE URBANE","Contesto urbano":"AMBITO RESIDENZIALE","Elemento":"PERCORSI INTERNI","Latitudine":38.1241601,"Longitudine":13.3307781,"Punteggio":45,"Livello accessibilita":"Parzialmente accessibile","Rilevanza":"Alta","Non valutabile":"No","N. foto rilievo":10,"Criticità Rilevate":null,"Indirizzo":null,"Nome Immobile":null,"Circoscrizione":"V","Quartiere":"Noce","UPL":"Noce"},"geometry":{"type":"Point","coordinates":[13.3307781,38.1241601]}},
{"type":"Feature","properties":{"Codice":"VC_32","Nome/Localizzazione":"VIA FILIPPO PARLATORE – VIA MALASPINA – VIA GEN. ANTONIO CANTORE","Gruppo":"Via cittadina","Categoria":"PERCORSI CITTADINI","Contesto urbano":"AREA DIREZIONALE","Elemento":"MARCIAPIEDE","Latitudine":38.124259,"Longitudine":13.3438844,"Punteggio":41,"Livello accessibilita":"Parzialmente accessibile","Rilevanza":"Alta","Non valutabile":"No","N. foto rilievo":14,"Criticità Rilevate":null,"Indirizzo":null,"Nome Immobile":null,"Circoscrizione":"V","Quartiere":"Noce","UPL":"Parlatore - Serradifalco"},"geometry":{"type":"Point","coordinates":[13.3438844,38.124259]}},
{"type":"Feature","properties":{"Codice":"S_14","Nome/Localizzazione":"SCUOLA MANZONI","Gruppo":"Scuola","Categoria":"SERVIZI PUBBLICI – ISTRUZIONE - SCUOLA SECONDARIA, DI I GRADO, PRIMARIA","Contesto urbano":null,"Elemento":null,"Latitudine":38.124259,"Longitudine":13.3438844,"Punteggio":69,"Livello accessibilita":"Parzialmente inaccessibile","Rilevanza":"Alta","Non valutabile":"No","N. foto rilievo":4,"Criticità Rilevate":"Presenza di scale senza rampe esterne; pavimentazione interna scivolosa; porte interne con dimensioni minime non garantite; sportello informazioni non a norma.","Indirizzo":"VIA FILIPPO PARLATORE, 56","Nome Immobile":"SCUOLA MANZONI","Circoscrizione":"V","Quartiere":"Noce","UPL":"Parlatore - Serradifalco"},"geometry":{"type":"Point","coordinates":[13.3438844,38.124259]}},
{"type":"Feature","properties":{"Codice":"VC_29","Nome/Localizzazione":"VIA LEONARDO DA VINCI – VIA NOTARBARTOLO – VIALE DUCA DELLA VERDURA","Gruppo":"Via cittadina","Categoria":"PERCORSI CITTADINI","Contesto urbano":"ASSE TERZIARIO","Elemento":"MARCIAPIEDE","Latitudine":37.9814378,"Longitudine":13.6857487,"Punteggio":43,"Livello accessibilita":"Parzialmente accessibile","Rilevanza":"Alta","Non valutabile":"No","N. foto rilievo":12,"Criticità Rilevate":null,"Indirizzo":null,"Nome Immobile":null,"Circoscrizione":"VIII","Quartiere":"Malaspina -Palagonia","UPL":"Malaspina - Leonardo da Vinci"},"geometry":{"type":"Point","coordinates":[13.336523083975617,38.130404599201754]}},
{"type":"Feature","properties":{"Codice":"VC_44","Nome/Localizzazione":"VIA DELLA LIBERTÀ – VIA DELLA CROCE ROSSA","Gruppo":"Via cittadina","Categoria":"PERCORSI CITTADINI","Contesto urbano":"AREA RESIDENZIALE/COMMERCIALE","Elemento":"MARCIAPIEDE","Latitudine":38.1323098,"Longitudine":13.350688,"Punteggio":38,"Livello accessibilita":"Accessibile","Rilevanza":"Alta","Non valutabile":"No","N. foto rilievo":12,"Criticità Rilevate":null,"Indirizzo":null,"Nome Immobile":null,"Circoscrizione":"VIII","Quartiere":"Libertà","UPL":"Notarbartolo - Giardino Inglese"},"geometry":{"type":"Point","coordinates":[13.350688,38.1323098]}},
{"type":"Feature","properties":{"Codice":"S_09","Nome/Localizzazione":"SCUOLA GENTILI","Gruppo":"Scuola","Categoria":"SERVIZI PUBBLICI – ISTRUZIONE - SCUOLA SECONDARIA E DI I GRADO","Contesto urbano":null,"Elemento":null,"Latitudine":38.1339568,"Longitudine":13.344736,"Punteggio":62,"Livello accessibilita":"Parzialmente inaccessibile","Rilevanza":"Alta","Non valutabile":"No","N. foto rilievo":7,"Criticità Rilevate":"Campanello troppo alto; maniglioni porta con scarso contrasto cromatico; guide poco definite; bagno non fruibile per ipovedenti; assenza pavimentazione tattile.","Indirizzo":"VIA FRANCESCO LO JACONO, 1","Nome Immobile":"SCUOLA GENTILI","Circoscrizione":"VIII","Quartiere":"Libertà","UPL":"Notarbartolo - Giardino Inglese"},"geometry":{"type":"Point","coordinates":[13.344736,38.1339568]}},
{"type":"Feature","properties":{"Codice":"AV_11","Nome/Localizzazione":"PARCO PIERSANTI MATTARELLA, VIALE DELLA LIBERTÀ","Gruppo":"Area verde","Categoria":"AREE URBANE","Contesto urbano":"AMBITO RESIDENZIALE DI ESPANSIONE – AREA AD ALTA DENSITÀ DI TRAFFICO","Elemento":"PERCORSI INTERNI","Latitudine":38.0800965,"Longitudine":13.5044229,"Punteggio":41,"Livello accessibilita":"Parzialmente accessibile","Rilevanza":"Alta","Non valutabile":"No","N. foto rilievo":10,"Criticità Rilevate":null,"Indirizzo":null,"Nome Immobile":null,"Circoscrizione":"VIII","Quartiere":"Libertà","UPL":"Notarbartolo - Giardino Inglese"},"geometry":{"type":"Point","coordinates":[13.350995183133849,38.131828203745698]}},
{"type":"Feature","properties":{"Codice":"AV_10","Nome/Localizzazione":"VILLA GARIBALDI, VIALE DELLA LIBERTÀ","Gruppo":"Area verde","Categoria":"AREE URBANE","Contesto urbano":"AMBITO RESIDENZIALE DI ESPANSIONE – AREA AD ALTA DENSITÀ DI TRAFFICO","Elemento":"PERCORSI INTERNI","Latitudine":38.0800965,"Longitudine":13.5044229,"Punteggio":46,"Livello accessibilita":"Parzialmente accessibile","Rilevanza":"Alta","Non valutabile":"No","N. foto rilievo":7,"Criticità Rilevate":null,"Indirizzo":null,"Nome Immobile":null,"Circoscrizione":"VIII","Quartiere":"Libertà","UPL":"Notarbartolo - Giardino Inglese"},"geometry":{"type":"Point","coordinates":[13.350794473297002,38.131631398180957]}},
{"type":"Feature","properties":{"Codice":"U_11","Nome/Localizzazione":"SERVIZI EDUCATIVI","Gruppo":"Sede amministrativa/istituzionale","Categoria":"SERVIZI PUBBLICI – UFFICI - UFFICIO AMMINISTRATIVO COMUNALE (AREA DELL'ISTRUZIONE E FORMAZIONE)","Contesto urbano":null,"Elemento":null,"Latitudine":37.9048821,"Longitudine":13.8160624,"Punteggio":68,"Livello accessibilita":"Parzialmente inaccessibile","Rilevanza":"Alta","Non valutabile":"No","N. foto rilievo":7,"Criticità Rilevate":"Rampa con pendenza eccessiva; ascensore non funzionante; sanitari non idonei; porte pesanti; totale assenza di segnalazioni sensoriali.","Indirizzo":"VIA NOTARBARTOLO 21/A","Nome Immobile":"SERVIZI EDUCATIVI","Circoscrizione":"VIII","Quartiere":"Libertà","UPL":"Notarbartolo - Giardino Inglese"},"geometry":{"type":"Point","coordinates":[13.345824555491678,38.132904298268095]}},
{"type":"Feature","properties":{"Codice":"VC_39","Nome/Localizzazione":"VIA SAMPOLO","Gruppo":"Via cittadina","Categoria":"PERCORSI CITTADINI","Contesto urbano":"ARTERIA DI COLLEGAMENTO","Elemento":"MARCIAPIEDE","Latitudine":38.1349732,"Longitudine":13.3570685,"Punteggio":50,"Livello accessibilita":"Parzialmente accessibile","Rilevanza":"Alta","Non valutabile":"No","N. foto rilievo":8,"Criticità Rilevate":null,"Indirizzo":null,"Nome Immobile":null,"Circoscrizione":"VIII","Quartiere":"Libertà","UPL":"Marchese di Villabianca - Sampolo"},"geometry":{"type":"Point","coordinates":[13.3570685,38.1349732]}},
{"type":"Feature","properties":{"Codice":"VC_36","Nome/Localizzazione":"VIA MARCHESE DI VILLABIANCA","Gruppo":"Via cittadina","Categoria":"PERCORSI CITTADINI","Contesto urbano":"ASSE URBANO A PREVALENTE CARATTERE RESIDENZIALE","Elemento":"MARCIAPIEDE","Latitudine":38.1381441,"Longitudine":13.3498518,"Punteggio":40,"Livello accessibilita":"Parzialmente accessibile","Rilevanza":"Alta","Non valutabile":"No","N. foto rilievo":17,"Criticità Rilevate":null,"Indirizzo":null,"Nome Immobile":null,"Circoscrizione":"VIII","Quartiere":"Libertà","UPL":"Marchese di Villabianca - Sampolo"},"geometry":{"type":"Point","coordinates":[13.3498518,38.1381441]}},
{"type":"Feature","properties":{"Codice":"S_08","Nome/Localizzazione":"SCUOLA TRIESTE","Gruppo":"Scuola","Categoria":"SERVIZI PUBBLICI – ISTRUZIONE - SCUOLA DELL’INFANZIA E PRIMARIA","Contesto urbano":null,"Elemento":null,"Latitudine":38.1400296,"Longitudine":13.3523357,"Punteggio":73,"Livello accessibilita":"Parzialmente inaccessibile","Rilevanza":"Alta","Non valutabile":"No","N. foto rilievo":7,"Criticità Rilevate":"Sanitari non idonei; assenza maniglione antipanico; dislivello all'ingresso; assenza percorso tattile; porte non idonee.","Indirizzo":"VIA SAMPOLO, 63","Nome Immobile":"SCUOLA TRIESTE","Circoscrizione":"VIII","Quartiere":"Libertà","UPL":"Marchese di Villabianca - Sampolo"},"geometry":{"type":"Point","coordinates":[13.3523357,38.1400296]}},
{"type":"Feature","properties":{"Codice":"A_05","Nome/Localizzazione":"NIDO AQUILONE","Gruppo":"Asilo","Categoria":"SERVIZI PUBBLICI – ISTRUZIONE – ASILO","Contesto urbano":null,"Elemento":null,"Latitudine":38.0866409,"Longitudine":13.4991064,"Punteggio":56,"Livello accessibilita":"Parzialmente accessibile","Rilevanza":"Alta","Non valutabile":"No","N. foto rilievo":7,"Criticità Rilevate":"Pavimentazione esterna sconnessa; citofono troppo alto; assenza di pavimentazione tattile e segnaletica per ipovedenti.","Indirizzo":"VIA MAGGIORE TOSELLI, 85/A","Nome Immobile":"NIDO AQUILONE","Circoscrizione":"VIII","Quartiere":"Libertà","UPL":"Marchese di Villabianca - Sampolo"},"geometry":{"type":"Point","coordinates":[13.351715538986651,38.137580747322957]}},
{"type":"Feature","properties":{"Codice":"VC_38","Nome/Localizzazione":"VIALE LAZIO – VIA IMPERATORE FEDERICO","Gruppo":"Via cittadina","Categoria":"PERCORSI CITTADINI","Contesto urbano":"ASSE URBANO COMMERCIALE","Elemento":"MARCIAPIEDE","Latitudine":38.1417416,"Longitudine":13.3368797,"Punteggio":38,"Livello accessibilita":"Accessibile","Rilevanza":"Alta","Non valutabile":"No","N. foto rilievo":16,"Criticità Rilevate":null,"Indirizzo":null,"Nome Immobile":null,"Circoscrizione":"VIII","Quartiere":"Libertà","UPL":"Vittorio Veneto"},"geometry":{"type":"Point","coordinates":[13.3368797,38.1417416]}},
{"type":"Feature","properties":{"Codice":"S_06","Nome/Localizzazione":"SCUOLA GARZILLI","Gruppo":"Scuola","Categoria":"SERVIZI PUBBLICI – ISTRUZIONE - SCUOLA DELL’INFANZIA E PRIMARIA","Contesto urbano":null,"Elemento":null,"Latitudine":38.1420219,"Longitudine":13.342436,"Punteggio":76,"Livello accessibilita":"Parzialmente inaccessibile","Rilevanza":"Alta","Non valutabile":"No","N. foto rilievo":7,"Criticità Rilevate":"Mancanza rampa esterna; bagno disabili non presente; dislivelli interni; antico portone d'ingresso non adeguato; assenza segnaletica ipovedenti.","Indirizzo":"VIA ISONZO, 7","Nome Immobile":"SCUOLA GARZILLI","Circoscrizione":"VIII","Quartiere":"Libertà","UPL":"Vittorio Veneto"},"geometry":{"type":"Point","coordinates":[13.342436,38.1420219]}},
{"type":"Feature","properties":{"Codice":"AV_04","Nome/Localizzazione":"GIARDINO DELLE ROSE, VIA BRIGATA VERONA","Gruppo":"Area verde","Categoria":"AREE URBANE","Contesto urbano":"AMBITO RESIDENZIALE DI ESPANSIONE – AREA AD ALTA DENSITÀ DI TRAFFICO","Elemento":"PERCORSI INTERNI","Latitudine":38.1430883,"Longitudine":13.3383212,"Punteggio":33,"Livello accessibilita":"Accessibile","Rilevanza":"Alta","Non valutabile":"No","N. foto rilievo":4,"Criticità Rilevate":null,"Indirizzo":null,"Nome Immobile":null,"Circoscrizione":"VIII","Quartiere":"Libertà","UPL":"Vittorio Veneto"},"geometry":{"type":"Point","coordinates":[13.3383212,38.1430883]}},
{"type":"Feature","properties":{"Codice":"VS_12","Nome/Localizzazione":"VIA EMERICO AMARI","Gruppo":"Percorso storico","Categoria":"PERCORSI STORICI","Contesto urbano":"ASSE VIARIO COMMERCIALE, PARZIALMENTE PEDONALIZZATO","Elemento":"MARCIAPIEDE","Latitudine":38.1253129,"Longitudine":13.3581019,"Punteggio":44,"Livello accessibilita":"Parzialmente accessibile","Rilevanza":"Alta","Non valutabile":"No","N. foto rilievo":13,"Criticità Rilevate":null,"Indirizzo":null,"Nome Immobile":null,"Circoscrizione":"VIII","Quartiere":"Politeama","UPL":"Croci - Ruggiero Settimo"},"geometry":{"type":"Point","coordinates":[13.3581019,38.1253129]}},
{"type":"Feature","properties":{"Codice":"VS_11","Nome/Localizzazione":"VIA PRINCIPE DI BELMONTE","Gruppo":"Percorso storico","Categoria":"PERCORSI STORICI","Contesto urbano":"VIA PREVALENTEMENTE PEDONALIZZATA E COMMERCIALE","Elemento":"MARCIAPIEDE","Latitudine":38.1240754,"Longitudine":13.3576852,"Punteggio":42,"Livello accessibilita":"Parzialmente accessibile","Rilevanza":"Alta","Non valutabile":"No","N. foto rilievo":13,"Criticità Rilevate":null,"Indirizzo":null,"Nome Immobile":null,"Circoscrizione":"VIII","Quartiere":"Politeama","UPL":"Croci - Ruggiero Settimo"},"geometry":{"type":"Point","coordinates":[13.3576852,38.1240754]}},
{"type":"Feature","properties":{"Codice":"VC_40","Nome/Localizzazione":"VIA PRINCIPE DI VILLAFRANCA – VIA PIERSANTI MATTARELLA – VIA GIACOMO LEOPARDI – VIA BORIS GIULIANO","Gruppo":"Via cittadina","Categoria":"PERCORSI CITTADINI","Contesto urbano":"AREA RESIDENZIALE","Elemento":"MARCIAPIEDE","Latitudine":38.1265633,"Longitudine":13.3510724,"Punteggio":41,"Livello accessibilita":"Parzialmente accessibile","Rilevanza":"Alta","Non valutabile":"No","N. foto rilievo":19,"Criticità Rilevate":null,"Indirizzo":null,"Nome Immobile":null,"Circoscrizione":"VIII","Quartiere":"Politeama","UPL":"Croci - Ruggiero Settimo"},"geometry":{"type":"Point","coordinates":[13.3510724,38.1265633]}},
{"type":"Feature","properties":{"Codice":"S_16","Nome/Localizzazione":"SCUOLA POLITEAMA","Gruppo":"Scuola","Categoria":"SERVIZI PUBBLICI – ISTRUZIONE - SCUOLA PRIMARIA","Contesto urbano":null,"Elemento":null,"Latitudine":38.1243582,"Longitudine":13.3549349,"Punteggio":69,"Livello accessibilita":"Parzialmente inaccessibile","Rilevanza":"Alta","Non valutabile":"No","N. foto rilievo":7,"Criticità Rilevate":"Bagno disabili non conforme; presenza di gradini nei percorsi; assenza dispositivo richiesta assistenza, pavimentazione e percorso tattile.","Indirizzo":"PIAZZA CASTELNUOVO, 40","Nome Immobile":"SCUOLA POLITEAMA","Circoscrizione":"VIII","Quartiere":"Politeama","UPL":"Croci - Ruggiero Settimo"},"geometry":{"type":"Point","coordinates":[13.3549349,38.1243582]}},
{"type":"Feature","properties":{"Codice":"S_13","Nome/Localizzazione":"SCUOLA RAPISARDI","Gruppo":"Scuola","Categoria":"SERVIZI PUBBLICI – ISTRUZIONE - SCUOLA SECONDARIA, DI I GRADO, PRIMARIA","Contesto urbano":null,"Elemento":null,"Latitudine":38.1289082,"Longitudine":13.3506839,"Punteggio":69,"Livello accessibilita":"Parzialmente inaccessibile","Rilevanza":"Alta","Non valutabile":"No","N. foto rilievo":7,"Criticità Rilevate":"Misure bagno non idonee; campanello troppo alto; fasce cromatiche confondenti; porta non idonea; assenza pavimentazione tattile.","Indirizzo":"VIA CALTANISSETTA, 27","Nome Immobile":"SCUOLA RAPISARDI","Circoscrizione":"VIII","Quartiere":"Politeama","UPL":"Croci - Ruggiero Settimo"},"geometry":{"type":"Point","coordinates":[13.3506839,38.1289082]}},
{"type":"Feature","properties":{"Codice":"S_10","Nome/Localizzazione":"SCUOLA GARIBALDI","Gruppo":"Scuola","Categoria":"SERVIZI PUBBLICI – ISTRUZIONE - SCUOLA SECONDARIA, DI I GRADO, PRIMARIA","Contesto urbano":null,"Elemento":null,"Latitudine":38.1311393,"Longitudine":13.3534452,"Punteggio":71,"Livello accessibilita":"Parzialmente inaccessibile","Rilevanza":"Alta","Non valutabile":"No","N. foto rilievo":7,"Criticità Rilevate":"Campanello troppo alto; maniglioni bagno assenti o insufficienti; presenza di gradini nei percorsi; indicazioni ipovedenti non chiare; assenza pavimentazione tattile.","Indirizzo":"VIA DELLE CROCI, 5","Nome Immobile":"SCUOLA GARIBALDI","Circoscrizione":"VIII","Quartiere":"Politeama","UPL":"Croci - Ruggiero Settimo"},"geometry":{"type":"Point","coordinates":[13.3534452,38.1311393]}},
{"type":"Feature","properties":{"Codice":"P_01","Nome/Localizzazione":"PIAZZA CASTELNUOVO","Gruppo":"Piazza","Categoria":"AREE URBANE","Contesto urbano":"AREA RESIDENZIALE E COMMERCIALE","Elemento":"PIAZZA","Latitudine":38.1243582,"Longitudine":13.3549349,"Punteggio":35,"Livello accessibilita":"Accessibile","Rilevanza":"Alta","Non valutabile":"No","N. foto rilievo":6,"Criticità Rilevate":null,"Indirizzo":null,"Nome Immobile":null,"Circoscrizione":"VIII","Quartiere":"Politeama","UPL":"Croci - Ruggiero Settimo"},"geometry":{"type":"Point","coordinates":[13.3549349,38.1243582]}},
{"type":"Feature","properties":{"Codice":"AV_14","Nome/Localizzazione":"GIARDINO, PIAZZA IGNAZIO FLORIO","Gruppo":"Area verde","Categoria":"AREE URBANE","Contesto urbano":"AMBITO RESIDENZIALE","Elemento":"PERCORSI INTERNI","Latitudine":38.1250574,"Longitudine":13.3601337,"Punteggio":42,"Livello accessibilita":"Parzialmente accessibile","Rilevanza":"Alta","Non valutabile":"No","N. foto rilievo":4,"Criticità Rilevate":null,"Indirizzo":null,"Nome Immobile":null,"Circoscrizione":"VIII","Quartiere":"Politeama","UPL":"Borgo Vecchio - Principe Scordia"},"geometry":{"type":"Point","coordinates":[13.3601337,38.1250574]}},
{"type":"Feature","properties":{"Codice":"VS_33","Nome/Localizzazione":"VIA DOMENICO SCINA’ – VIA FILIPPO TURATI – VIA DANTE – VIA SERRADIFALCO – VIA ALESSIO NARBONE","Gruppo":"Percorso storico","Categoria":"PERCORSI STORICI","Contesto urbano":"STRADE INTERNE AD ALTA DENSITÀ","Elemento":"MARCIAPIEDE","Latitudine":38.1286159,"Longitudine":13.3590659,"Punteggio":41,"Livello accessibilita":"Parzialmente accessibile","Rilevanza":"Alta","Non valutabile":"No","N. foto rilievo":18,"Criticità Rilevate":null,"Indirizzo":null,"Nome Immobile":null,"Circoscrizione":"VIII","Quartiere":"Politeama","UPL":"Borgo Vecchio - Principe Scordia"},"geometry":{"type":"Point","coordinates":[13.3590659,38.1286159]}},
{"type":"Feature","properties":{"Codice":"VS_13","Nome/Localizzazione":"VIA PRINCIPE DI SCORDIA – VIA DOMENICO SCINÀ","Gruppo":"Percorso storico","Categoria":"PERCORSI STORICI","Contesto urbano":"ARTERIE CENTRALI AD ALTO TRAFFICO","Elemento":"MARCIAPIEDE","Latitudine":38.1233452,"Longitudine":13.3617238,"Punteggio":49,"Livello accessibilita":"Parzialmente accessibile","Rilevanza":"Alta","Non valutabile":"No","N. foto rilievo":12,"Criticità Rilevate":null,"Indirizzo":null,"Nome Immobile":null,"Circoscrizione":"VIII","Quartiere":"Politeama","UPL":"Borgo Vecchio - Principe Scordia"},"geometry":{"type":"Point","coordinates":[13.3617238,38.1233452]}},
{"type":"Feature","properties":{"Codice":"U_15","Nome/Localizzazione":"RAGIONERIA GENERALE","Gruppo":"Sede amministrativa/istituzionale","Categoria":"SERVIZI PUBBLICI – UFFICI - UFFICIO AMMINISTRATIVO COMUNALE (AREA DELLE RISORSE FINANZIARIE)","Contesto urbano":null,"Elemento":null,"Latitudine":38.1245834,"Longitudine":13.3590192,"Punteggio":65,"Livello accessibilita":"Parzialmente inaccessibile","Rilevanza":"Alta","Non valutabile":"No","N. foto rilievo":7,"Criticità Rilevate":"Parcheggi distanti; rampe interne ripide; pavimentazione scivolosa; assenza di maniglioni antipanico e guide tattili.","Indirizzo":"VIA ROMA, 209","Nome Immobile":"RAGIONERIA GENERALE","Circoscrizione":"VIII","Quartiere":"Politeama","UPL":"Borgo Vecchio - Principe Scordia"},"geometry":{"type":"Point","coordinates":[13.3590192,38.1245834]}},
{"type":"Feature","properties":{"Codice":"VS_10","Nome/Localizzazione":"VIA CAVOUR - VIA FILIPPO PATTI","Gruppo":"Percorso storico","Categoria":"PERCORSI STORICI","Contesto urbano":"ASSE VIARIO DI COLLEGAMENTO","Elemento":"MARCIAPIEDE","Latitudine":38.0357189,"Longitudine":14.0212261,"Punteggio":44,"Livello accessibilita":"Parzialmente accessibile","Rilevanza":"Alta","Non valutabile":"No","N. foto rilievo":14,"Criticità Rilevate":null,"Indirizzo":null,"Nome Immobile":null,"Circoscrizione":"VIII","Quartiere":"Politeama","UPL":"Borgo Vecchio - Principe Scordia"},"geometry":{"type":"Point","coordinates":[13.36615882977415,38.123034621846465]}},
{"type":"Feature","properties":{"Codice":"S_15","Nome/Localizzazione":"SCUOLA LA MASA","Gruppo":"Scuola","Categoria":"SERVIZI PUBBLICI – ISTRUZIONE - SCUOLA DELL’INFANZIA E PRIMARIA","Contesto urbano":null,"Elemento":null,"Latitudine":38.0834658,"Longitudine":13.5084818,"Punteggio":78,"Livello accessibilita":"Parzialmente inaccessibile","Rilevanza":"Alta","Non valutabile":"No","N. foto rilievo":5,"Criticità Rilevate":null,"Indirizzo":null,"Nome Immobile":null,"Circoscrizione":"VIII","Quartiere":"Politeama","UPL":"Borgo Vecchio - Principe Scordia"},"geometry":{"type":"Point","coordinates":[13.361814268174902,38.125549628406866]}},
{"type":"Feature","properties":{"Codice":"VC_04","Nome/Localizzazione":"VIA BRANCACCIO – VIA SAN GIOVANNI DI DIO – VIALE AMEDEO D’AOSTA","Gruppo":"Via cittadina","Categoria":"PERCORSI CITTADINI","Contesto urbano":"ASSI URBANI DI COLLEGAMENTO/RESIDENZIALE","Elemento":"MARCIAPIEDE","Latitudine":38.1024448,"Longitudine":13.3783766,"Punteggio":46,"Livello accessibilita":"Parzialmente accessibile","Rilevanza":"Alta","Non valutabile":"No","N. foto rilievo":16,"Criticità Rilevate":null,"Indirizzo":null,"Nome Immobile":null,"Circoscrizione":"II","Quartiere":"Settecannoli","UPL":"Settecannoli"},"geometry":{"type":"Point","coordinates":[13.3783766,38.1024448]}},
{"type":"Feature","properties":{"Codice":"VC_07","Nome/Localizzazione":"VIA ARMANDO DIAZ – VIA MESSINA MARINE","Gruppo":"Via cittadina","Categoria":"PERCORSI CITTADINI","Contesto urbano":"ASSE DI SCORRIMENTO/AREA PERIFERICA","Elemento":"MARCIAPIEDE","Latitudine":37.8829997,"Longitudine":13.3779608,"Punteggio":47,"Livello accessibilita":"Parzialmente accessibile","Rilevanza":"Alta","Non valutabile":"No","N. foto rilievo":16,"Criticità Rilevate":null,"Indirizzo":null,"Nome Immobile":null,"Circoscrizione":"II","Quartiere":"Settecannoli","UPL":"Settecannoli"},"geometry":{"type":"Point","coordinates":[13.394905374072948,38.102753559561172]}},
{"type":"Feature","properties":{"Codice":"VC_05","Nome/Localizzazione":"VIA DEI PICCIOTTI – VIA SALVATORE CAPPELLO – VIA MESSINA MARINE","Gruppo":"Via cittadina","Categoria":"PERCORSI CITTADINI","Contesto urbano":"VIABILITÀ URBANA DI COLLEGAMENTO","Elemento":"MARCIAPIEDE","Latitudine":38.0577715,"Longitudine":13.4276228,"Punteggio":37,"Livello accessibilita":"Accessibile","Rilevanza":"Alta","Non valutabile":"No","N. foto rilievo":18,"Criticità Rilevate":null,"Indirizzo":null,"Nome Immobile":null,"Circoscrizione":"II","Quartiere":"Settecannoli","UPL":"Settecannoli"},"geometry":{"type":"Point","coordinates":[13.382901748080023,38.104755322721715]}},
{"type":"Feature","properties":{"Codice":"VC_10","Nome/Localizzazione":"VIA MESSINA MARINE – VIA ANTONINO LAUDICINA","Gruppo":"Via cittadina","Categoria":"PERCORSI CITTADINI","Contesto urbano":"VIABILITÀ LOCALE","Elemento":"MARCIAPIEDE","Latitudine":38.0979185,"Longitudine":13.4127941,"Punteggio":46,"Livello accessibilita":"Parzialmente accessibile","Rilevanza":"Alta","Non valutabile":"No","N. foto rilievo":12,"Criticità Rilevate":null,"Indirizzo":null,"Nome Immobile":null,"Circoscrizione":"II","Quartiere":"Settecannoli","UPL":"Roccella Acqua dei Corsari"},"geometry":{"type":"Point","coordinates":[13.4127941,38.0979185]}},
{"type":"Feature","properties":{"Codice":"VC_09","Nome/Localizzazione":"VIA XXVII MAGGIO – VIA MESSINA MARINE","Gruppo":"Via cittadina","Categoria":"PERCORSI CITTADINI","Contesto urbano":"VIABILITÀ URBANA LOCALE","Elemento":"MARCIAPIEDE","Latitudine":38.0963414,"Longitudine":13.4041324,"Punteggio":37,"Livello accessibilita":"Accessibile","Rilevanza":"Alta","Non valutabile":"No","N. foto rilievo":16,"Criticità Rilevate":null,"Indirizzo":null,"Nome Immobile":null,"Circoscrizione":"II","Quartiere":"Settecannoli","UPL":"Roccella Acqua dei Corsari"},"geometry":{"type":"Point","coordinates":[13.4041324,38.0963414]}},
{"type":"Feature","properties":{"Codice":"VS_22","Nome/Localizzazione":"VIA  CIACULLI -CORSO DEI MILLE CROCEVERDE","Gruppo":"Percorso storico","Categoria":"PERCORSI STORICI","Contesto urbano":"ASSE VIARIO PERIFERICO","Elemento":"MARCIAPIEDE","Latitudine":38.0824974,"Longitudine":13.3969218,"Punteggio":65,"Livello accessibilita":"Parzialmente inaccessibile","Rilevanza":"Alta","Non valutabile":"No","N. foto rilievo":17,"Criticità Rilevate":null,"Indirizzo":null,"Nome Immobile":null,"Circoscrizione":"II","Quartiere":"Brancaccio-Ciaculli","UPL":"Ciaculli Croce Verde"},"geometry":{"type":"Point","coordinates":[13.3969218,38.0824974]}},
{"type":"Feature","properties":{"Codice":"S_27","Nome/Localizzazione":"SCUOLA ORESTANO","Gruppo":"Scuola","Categoria":"SERVIZI PUBBLICI – ISTRUZIONE - SCUOLA PRIMARIA","Contesto urbano":null,"Elemento":null,"Latitudine":38.0793516,"Longitudine":13.408637,"Punteggio":70,"Livello accessibilita":"Parzialmente inaccessibile","Rilevanza":"Alta","Non valutabile":"No","N. foto rilievo":7,"Criticità Rilevate":"Gradini esterni e rampa assente per piano rialzato; campanello troppo alto; pavimentazione confondente; assenza dispositivi assistenza e pavimentazione tattile.","Indirizzo":"VIA CONTE FEDERICO, 3","Nome Immobile":"SCUOLA ORESTANO","Circoscrizione":"II","Quartiere":"Brancaccio-Ciaculli","UPL":"Ciaculli Croce Verde"},"geometry":{"type":"Point","coordinates":[13.408637,38.0793516]}},
{"type":"Feature","properties":{"Codice":"VC_50","Nome/Localizzazione":"VIA SAN CIRO","Gruppo":"Via cittadina","Categoria":"PERCORSI CITTADINI","Contesto urbano":"AREA RESIDENZIALE A TRAFFICO MEDIO","Elemento":"MARCIAPIEDE","Latitudine":38.0915693,"Longitudine":13.3841626,"Punteggio":44,"Livello accessibilita":"Parzialmente accessibile","Rilevanza":"Alta","Non valutabile":"No","N. foto rilievo":9,"Criticità Rilevate":null,"Indirizzo":null,"Nome Immobile":null,"Circoscrizione":"II","Quartiere":"Brancaccio-Ciaculli","UPL":"Brancaccio Conte Federico"},"geometry":{"type":"Point","coordinates":[13.3841626,38.0915693]}},
{"type":"Feature","properties":{"Codice":"U_23","Nome/Localizzazione":"CIRCOSCRIZIONE II","Gruppo":"Sede amministrativa/istituzionale","Categoria":"SERVIZI PUBBLICI – UFFICI - SEDE ISTITUZIONALE E AMMINISTRATIVA CIRCOSCRIZIONALE","Contesto urbano":null,"Elemento":null,"Latitudine":38.0915693,"Longitudine":13.3841626,"Punteggio":70,"Livello accessibilita":"Parzialmente inaccessibile","Rilevanza":"Alta","Non valutabile":"No","N. foto rilievo":7,"Criticità Rilevate":"Accesso principale con scale; rampa in metallo non ottimale; assenza di citofono; bagno per disabili non presente; mancanza di percorsi e segnalazioni tattili.","Indirizzo":"VIA SAN CIRO, 17","Nome Immobile":"CIRCOSCRIZIONE II","Circoscrizione":"II","Quartiere":"Brancaccio-Ciaculli","UPL":"Brancaccio Conte Federico"},"geometry":{"type":"Point","coordinates":[13.3841626,38.0915693]}},
{"type":"Feature","properties":{"Codice":"U_24","Nome/Localizzazione":"CIMITERO S.M. DI GESÙ","Gruppo":"Sede amministrativa/istituzionale","Categoria":"SERVIZI PUBBLICI – UFFICI - CIMITERO COMUNALE STATALE","Contesto urbano":null,"Elemento":null,"Latitudine":38.0871398,"Longitudine":13.3760318,"Punteggio":63,"Livello accessibilita":"Parzialmente inaccessibile","Rilevanza":"Alta","Non valutabile":"No","N. foto rilievo":7,"Criticità Rilevate":"Percorsi con scale e pendenze; dislivelli agli ingressi; guida tattile limitata; servizi igienici privi di ausili sufficienti.","Indirizzo":"VIA SANTA MARIA DI GESÙ","Nome Immobile":"CIMITERO S.M. DI GESÙ","Circoscrizione":"III","Quartiere":"Villagrazia-Falsomiele","UPL":"Chiavelli - S.Maria di Gesù"},"geometry":{"type":"Point","coordinates":[13.3760318,38.0871398]}},
{"type":"Feature","properties":{"Codice":"VC_47","Nome/Localizzazione":"VIA ROSSA GUIDO – VIA DAMIANO LO GRECO – VIA DEL BASSOTTO – VIADOTTO CARLO PERRIER – VIA DELL’ORSA","Gruppo":"Via cittadina","Categoria":"PERCORSI CITTADINI","Contesto urbano":"RESIDENZIALE","Elemento":"MARCIAPIEDE","Latitudine":38.0821905,"Longitudine":13.3602297,"Punteggio":46,"Livello accessibilita":"Parzialmente accessibile","Rilevanza":"Alta","Non valutabile":"No","N. foto rilievo":20,"Criticità Rilevate":null,"Indirizzo":null,"Nome Immobile":null,"Circoscrizione":"III","Quartiere":"Villagrazia-Falsomiele","UPL":"Bonagia"},"geometry":{"type":"Point","coordinates":[13.3602297,38.0821905]}},
{"type":"Feature","properties":{"Codice":"A_19","Nome/Localizzazione":"NIDO PELLICANO","Gruppo":"Asilo","Categoria":"SERVIZI PUBBLICI – ISTRUZIONE – ASILO","Contesto urbano":null,"Elemento":null,"Latitudine":38.0821905,"Longitudine":13.3602297,"Punteggio":57,"Livello accessibilita":"Parzialmente accessibile","Rilevanza":"Alta","Non valutabile":"No","N. foto rilievo":4,"Criticità Rilevate":"Citofono troppo alto; porta servizio igienico senza maniglione antipanico; assenza pavimentazione tattile.","Indirizzo":"VIA GUIDO ROSSA, 8","Nome Immobile":"NIDO PELLICANO","Circoscrizione":"III","Quartiere":"Villagrazia-Falsomiele","UPL":"Bonagia"},"geometry":{"type":"Point","coordinates":[13.3602297,38.0821905]}},
{"type":"Feature","properties":{"Codice":"A_15","Nome/Localizzazione":"NIDO ERMELLINO","Gruppo":"Asilo","Categoria":"SERVIZI PUBBLICI – ISTRUZIONE – ASILO","Contesto urbano":null,"Elemento":null,"Latitudine":38.0873041,"Longitudine":13.365977,"Punteggio":59,"Livello accessibilita":"Parzialmente accessibile","Rilevanza":"Alta","Non valutabile":"No","N. foto rilievo":4,"Criticità Rilevate":"Citofono troppo alto; porta d'ingresso non idonea; pavimentazione interna usurata; assenza maniglione antipanico e insufficienza maniglioni nei bagni; assenza pavimentazione tattile.","Indirizzo":"VIA NICOLÒ AZOTI, 35/C","Nome Immobile":"NIDO ERMELLINO","Circoscrizione":"III","Quartiere":"Villagrazia-Falsomiele","UPL":"Bonagia"},"geometry":{"type":"Point","coordinates":[13.365977,38.0873041]}},
{"type":"Feature","properties":{"Codice":"VC_48","Nome/Localizzazione":"VIA DELL’ORSA MAGGIORE – VIA S. FILIPPO – VIA DELL’AIRONE – VIA GIUSEPPE MANIACI","Gruppo":"Via cittadina","Categoria":"PERCORSI CITTADINI","Contesto urbano":"PERIFERICO RESIDENZIALE","Elemento":"MARCIAPIEDE","Latitudine":38.0938026,"Longitudine":13.3636273,"Punteggio":46,"Livello accessibilita":"Parzialmente accessibile","Rilevanza":"Alta","Non valutabile":"No","N. foto rilievo":18,"Criticità Rilevate":null,"Indirizzo":null,"Nome Immobile":null,"Circoscrizione":"III","Quartiere":"Villagrazia-Falsomiele","UPL":"Falsomiele Borgo Ulivia"},"geometry":{"type":"Point","coordinates":[13.3636273,38.0938026]}},
{"type":"Feature","properties":{"Codice":"A_17","Nome/Localizzazione":"NIDO ALLODOLA","Gruppo":"Asilo","Categoria":"SERVIZI PUBBLICI – ISTRUZIONE – ASILO","Contesto urbano":null,"Elemento":null,"Latitudine":38.0893907,"Longitudine":13.3543086,"Punteggio":57,"Livello accessibilita":"Parzialmente accessibile","Rilevanza":"Alta","Non valutabile":"No","N. foto rilievo":4,"Criticità Rilevate":"Assenza maniglione antipanico; rivestimento bagno senza contrasto cromatico; citofono non a norma; assenza pavimentazione tattile.","Indirizzo":"VIA DELL’ALLODOLA, 36","Nome Immobile":"NIDO ALLODOLA","Circoscrizione":"III","Quartiere":"Villagrazia-Falsomiele","UPL":"Falsomiele Borgo Ulivia"},"geometry":{"type":"Point","coordinates":[13.3543086,38.0893907]}},
{"type":"Feature","properties":{"Codice":"VU_02","Nome/Localizzazione":"CORSO CALATAFIMI – CORSO VITTORIO EMANUELE – PIAZZA DELLA VITTORIA – VIA DEL BASTIONE -","Gruppo":"Percorso UNESCO","Categoria":"PERCORSI UNESCO","Contesto urbano":"AREA STORICO-ISTITUZIONALE","Elemento":"MARCIAPIEDE","Latitudine":38.0962272,"Longitudine":13.3134713,"Punteggio":50,"Livello accessibilita":"Parzialmente accessibile","Rilevanza":"Alta","Non valutabile":"No","N. foto rilievo":13,"Criticità Rilevate":null,"Indirizzo":null,"Nome Immobile":null,"Circoscrizione":"IV","Quartiere":"Mezzomonreale -Villa Tasca","UPL":"Mezzomonreale"},"geometry":{"type":"Point","coordinates":[13.3134713,38.0962272]}},
{"type":"Feature","properties":{"Codice":"VS_38","Nome/Localizzazione":"CORSO CALATAFIMI","Gruppo":"Percorso storico","Categoria":"PERCORSI STORICI","Contesto urbano":"VIALE PRINCIPALE","Elemento":"MARCIAPIEDE","Latitudine":38.0962272,"Longitudine":13.3134713,"Punteggio":40,"Livello accessibilita":"Parzialmente accessibile","Rilevanza":"Alta","Non valutabile":"No","N. foto rilievo":19,"Criticità Rilevate":null,"Indirizzo":null,"Nome Immobile":null,"Circoscrizione":"IV","Quartiere":"Mezzomonreale -Villa Tasca","UPL":"Mezzomonreale"},"geometry":{"type":"Point","coordinates":[13.3134713,38.0962272]}},
{"type":"Feature","properties":{"Codice":"VC_03","Nome/Localizzazione":"VIA PARUTA","Gruppo":"Via cittadina","Categoria":"PERCORSI CITTADINI","Contesto urbano":"VIABILITÀ URBANA LOCALE /RESIDENZIALE","Elemento":"MARCIAPIEDE","Latitudine":38.0935489,"Longitudine":13.3198958,"Punteggio":44,"Livello accessibilita":"Parzialmente accessibile","Rilevanza":"Alta","Non valutabile":"No","N. foto rilievo":14,"Criticità Rilevate":null,"Indirizzo":null,"Nome Immobile":null,"Circoscrizione":"IV","Quartiere":"Mezzomonreale -Villa Tasca","UPL":"Mezzomonreale"},"geometry":{"type":"Point","coordinates":[13.3198958,38.0935489]}},
{"type":"Feature","properties":{"Codice":"VC_02","Nome/Localizzazione":"CORSO CALATAFIMI","Gruppo":"Via cittadina","Categoria":"PERCORSI CITTADINI","Contesto urbano":"ASSE PRINCIPALE DI SCORRIMENTO URBANO/COMMERCIALE","Elemento":"MARCIAPIEDE","Latitudine":38.0962272,"Longitudine":13.3134713,"Punteggio":34,"Livello accessibilita":"Accessibile","Rilevanza":"Alta","Non valutabile":"No","N. foto rilievo":19,"Criticità Rilevate":null,"Indirizzo":null,"Nome Immobile":null,"Circoscrizione":"IV","Quartiere":"Mezzomonreale -Villa Tasca","UPL":"Mezzomonreale"},"geometry":{"type":"Point","coordinates":[13.3134713,38.0962272]}},
{"type":"Feature","properties":{"Codice":"VC_01","Nome/Localizzazione":"VIA PORRAZZI - VIA RAFFAELE LA VALLE - VIA PALMERINO - VIA AGOSTINO CATALANO - CORSO PIETRO PISANI","Gruppo":"Via cittadina","Categoria":"PERCORSI CITTADINI","Contesto urbano":"ASSE URBANO RESIDENZIALE E DI SERVIZI CON VIABILITÀ SECONDARIA","Elemento":"MARCIAPIEDE","Latitudine":38.1035043,"Longitudine":13.3339736,"Punteggio":42,"Livello accessibilita":"Parzialmente accessibile","Rilevanza":"Alta","Non valutabile":"No","N. foto rilievo":13,"Criticità Rilevate":null,"Indirizzo":null,"Nome Immobile":null,"Circoscrizione":"IV","Quartiere":"Mezzomonreale -Villa Tasca","UPL":"Villa Tasca"},"geometry":{"type":"Point","coordinates":[13.3339736,38.1035043]}},
{"type":"Feature","properties":{"Codice":"A_13","Nome/Localizzazione":"NIDO DRAGO","Gruppo":"Asilo","Categoria":"SERVIZI PUBBLICI – ISTRUZIONE – ASILO","Contesto urbano":null,"Elemento":null,"Latitudine":38.104639,"Longitudine":13.3317461,"Punteggio":54,"Livello accessibilita":"Parzialmente accessibile","Rilevanza":"Alta","Non valutabile":"No","N. foto rilievo":5,"Criticità Rilevate":"Citofono troppo alto; assenza indicazioni per ipovedenti; ostacoli sul percorso esterno; assenza di pavimentazione tattile.","Indirizzo":"VIA AURELIO DRAGO, 42","Nome Immobile":"NIDO DRAGO","Circoscrizione":"IV","Quartiere":"Mezzomonreale -Villa Tasca","UPL":"Villa Tasca"},"geometry":{"type":"Point","coordinates":[13.3317461,38.104639]}},
{"type":"Feature","properties":{"Codice":"S_20","Nome/Localizzazione":"SCUOLA BONANNO","Gruppo":"Scuola","Categoria":"SERVIZI PUBBLICI – ISTRUZIONE – SCUOLA DELL’INFANZIA E PRIMARIA","Contesto urbano":null,"Elemento":null,"Latitudine":38.1099335,"Longitudine":13.3175114,"Punteggio":77,"Livello accessibilita":"Parzialmente inaccessibile","Rilevanza":"Alta","Non valutabile":"No","N. foto rilievo":4,"Criticità Rilevate":null,"Indirizzo":null,"Nome Immobile":null,"Circoscrizione":"IV","Quartiere":"Altarello","UPL":"Altarello - Tasca Lanza"},"geometry":{"type":"Point","coordinates":[13.3175114,38.1099335]}},
{"type":"Feature","properties":{"Codice":"A_20","Nome/Localizzazione":"NIDO MASIH IQBAL","Gruppo":"Asilo","Categoria":"SERVIZI PUBBLICI – ISTRUZIONE – ASILO","Contesto urbano":null,"Elemento":null,"Latitudine":38.1241027,"Longitudine":13.3156569,"Punteggio":66,"Livello accessibilita":"Parzialmente inaccessibile","Rilevanza":"Alta","Non valutabile":"No","N. foto rilievo":7,"Criticità Rilevate":"Percorso di accesso non accessibile; citofono troppo alto; bagni non fruibili per mancanza di maniglioni e porta non a norma; pavimentazione tattile assente; presenza di dislivelli.","Indirizzo":"VIA SALERNITANO, 45","Nome Immobile":"NIDO MASIH IQBAL","Circoscrizione":"V","Quartiere":"Uditore-Passo Di Rigano","UPL":"Leonardo da Vinci - Di Blasi"},"geometry":{"type":"Point","coordinates":[13.3156569,38.1241027]}},
{"type":"Feature","properties":{"Codice":"A_22","Nome/Localizzazione":"NIDO LIDIA TORNATORE","Gruppo":"Asilo","Categoria":"SERVIZI PUBBLICI – ISTRUZIONE – ASILO","Contesto urbano":null,"Elemento":null,"Latitudine":38.0707837,"Longitudine":13.5068255,"Punteggio":65,"Livello accessibilita":"Parzialmente inaccessibile","Rilevanza":"Alta","Non valutabile":"No","N. foto rilievo":4,"Criticità Rilevate":"Citofono troppo alto; porta ingresso non idonea; larghezza porte interne insufficiente; bagno disabili non presente; pavimentazione tattile assente; pavimentazione esterna sconnessa.","Indirizzo":"VIA DONATO BRAMANTE, 17","Nome Immobile":"NIDO LIDIA TORNATORE","Circoscrizione":"V","Quartiere":"Uditore-Passo Di Rigano","UPL":"Leonardo da Vinci - Di Blasi"},"geometry":{"type":"Point","coordinates":[13.325451563210635,38.126418778827365]}},
{"type":"Feature","properties":{"Codice":"VS_43","Nome/Localizzazione":"VIA DOGALI – VIA ROCCAZZO","Gruppo":"Percorso storico","Categoria":"PERCORSI STORICI","Contesto urbano":"ARTERIE INTERNE PERIFERICHE","Elemento":"MARCIAPIEDE","Latitudine":38.1248525,"Longitudine":13.3128783,"Punteggio":37,"Livello accessibilita":"Accessibile","Rilevanza":"Alta","Non valutabile":"No","N. foto rilievo":12,"Criticità Rilevate":null,"Indirizzo":null,"Nome Immobile":null,"Circoscrizione":"V","Quartiere":"Uditore-Passo Di Rigano","UPL":"Passo di Rigano"},"geometry":{"type":"Point","coordinates":[13.3128783,38.1248525]}},
{"type":"Feature","properties":{"Codice":"AV_07","Nome/Localizzazione":"GIARDINO PUBBLICO, VIALE MICHELANGELO","Gruppo":"Area verde","Categoria":"AREE URBANE","Contesto urbano":"AMBITO RESIDENZIALE DI PERIFERIA - ASSE DI SCORRIMENTO","Elemento":"PERCORSI INTERNI","Latitudine":38.1344673,"Longitudine":13.3126537,"Punteggio":38,"Livello accessibilita":"Accessibile","Rilevanza":"Bassa","Non valutabile":"No","N. foto rilievo":7,"Criticità Rilevate":null,"Indirizzo":null,"Nome Immobile":null,"Circoscrizione":"V","Quartiere":"Uditore-Passo Di Rigano","UPL":"Passo di Rigano"},"geometry":{"type":"Point","coordinates":[13.3126537,38.1344673]}},
{"type":"Feature","properties":{"Codice":"A_14","Nome/Localizzazione":"NIDO TOM & JERRY","Gruppo":"Asilo","Categoria":"SERVIZI PUBBLICI – ISTRUZIONE – ASILO","Contesto urbano":null,"Elemento":null,"Latitudine":38.1267316,"Longitudine":13.3105413,"Punteggio":71,"Livello accessibilita":"Parzialmente inaccessibile","Rilevanza":"Alta","Non valutabile":"No","N. foto rilievo":7,"Criticità Rilevate":"Inadeguatezza dei servizi igienici (assenti o non fruibili); barriere nei sistemi di collegamento verticale e scale esterne prive di rampe; citofono troppo alto; pavimentazione sconnessa; assenza di informazioni per ipovedenti.","Indirizzo":"VIALE LEONARDO DA VINCI, 83","Nome Immobile":"NIDO TOM & JERRY","Circoscrizione":"V","Quartiere":"Uditore-Passo Di Rigano","UPL":"Passo di Rigano"},"geometry":{"type":"Point","coordinates":[13.3105413,38.1267316]}},
{"type":"Feature","properties":{"Codice":"A_07","Nome/Localizzazione":"NIDO FILASTROCCA","Gruppo":"Asilo","Categoria":"SERVIZI PUBBLICI – ISTRUZIONE – ASILO","Contesto urbano":null,"Elemento":null,"Latitudine":38.1251615,"Longitudine":13.3080243,"Punteggio":61,"Livello accessibilita":"Parzialmente accessibile","Rilevanza":"Alta","Non valutabile":"No","N. foto rilievo":7,"Criticità Rilevate":"Difficoltà di accostamento al citofono; maniglioni antipanico non contrastati cromaticamente; assenza maniglione nel servizio igienico; presenza di dislivelli e assenza pavimentazione tattile.","Indirizzo":"VIA TEMBIEN, 1","Nome Immobile":"NIDO FILASTROCCA","Circoscrizione":"V","Quartiere":"Uditore-Passo Di Rigano","UPL":"Passo di Rigano"},"geometry":{"type":"Point","coordinates":[13.3080243,38.1251615]}},
{"type":"Feature","properties":{"Codice":"VS_44","Nome/Localizzazione":"VIA UDITORE – PIAZZA CHIESA SANT’ALFONSO DEI LIGUORI – VIA MAMMANA","Gruppo":"Percorso storico","Categoria":"PERCORSI STORICI","Contesto urbano":"ARTERIE INTERNE PERIFERICHE","Elemento":"MARCIAPIEDE","Latitudine":38.1292352,"Longitudine":13.3262857,"Punteggio":41,"Livello accessibilita":"Parzialmente accessibile","Rilevanza":"Alta","Non valutabile":"No","N. foto rilievo":14,"Criticità Rilevate":null,"Indirizzo":null,"Nome Immobile":null,"Circoscrizione":"V","Quartiere":"Uditore-Passo Di Rigano","UPL":"Uditore"},"geometry":{"type":"Point","coordinates":[13.3262857,38.1292352]}},
{"type":"Feature","properties":{"Codice":"VC_30","Nome/Localizzazione":"VIA UDITORE - VIA NAZARIO SAURO","Gruppo":"Via cittadina","Categoria":"PERCORSI CITTADINI","Contesto urbano":"RESIDENZIALE","Elemento":"MARCIAPIEDE","Latitudine":38.1292352,"Longitudine":13.3262857,"Punteggio":48,"Livello accessibilita":"Parzialmente accessibile","Rilevanza":"Alta","Non valutabile":"No","N. foto rilievo":16,"Criticità Rilevate":null,"Indirizzo":null,"Nome Immobile":null,"Circoscrizione":"V","Quartiere":"Uditore-Passo Di Rigano","UPL":"Uditore"},"geometry":{"type":"Point","coordinates":[13.3262857,38.1292352]}},
{"type":"Feature","properties":{"Codice":"AV_06","Nome/Localizzazione":"GIARDINO PUBBLICO, VIA TINDARI","Gruppo":"Area verde","Categoria":"AREE URBANE","Contesto urbano":"AMBITO RESIDENZIALE DI PERIFERIA","Elemento":"PERCORSI INTERNI","Latitudine":38.1282453,"Longitudine":13.294321,"Punteggio":54,"Livello accessibilita":"Parzialmente accessibile","Rilevanza":"Bassa","Non valutabile":"No","N. foto rilievo":7,"Criticità Rilevate":null,"Indirizzo":null,"Nome Immobile":null,"Circoscrizione":"V","Quartiere":"Borgo Nuovo","UPL":"Borgo Nuovo"},"geometry":{"type":"Point","coordinates":[13.294321,38.1282453]}},
{"type":"Feature","properties":{"Codice":"A_18","Nome/Localizzazione":"NIDO PAPAVERO","Gruppo":"Asilo","Categoria":"SERVIZI PUBBLICI – ISTRUZIONE – ASILO","Contesto urbano":null,"Elemento":null,"Latitudine":38.1303855,"Longitudine":13.3000748,"Punteggio":59,"Livello accessibilita":"Parzialmente accessibile","Rilevanza":"Alta","Non valutabile":"No","N. foto rilievo":4,"Criticità Rilevate":"Pavimentazione esterna e rampe sconnesse/non idonee; citofono non idoneo; assenza di maniglioni nei servizi; assenza segnalazione per ipovedenti.","Indirizzo":"VIA ACIREALE, 1","Nome Immobile":"NIDO PAPAVERO","Circoscrizione":"V","Quartiere":"Borgo Nuovo","UPL":"Borgo Nuovo"},"geometry":{"type":"Point","coordinates":[13.3000748,38.1303855]}},
{"type":"Feature","properties":{"Codice":"U_12","Nome/Localizzazione":"CIRCOSCRIZIONE V P.D. BORGONUOVO","Gruppo":"Sede amministrativa/istituzionale","Categoria":"SERVIZI PUBBLICI – UFFICI - UFFICIO PUBBLICO DECENTRATO / SPORTELLO POLIFUNZIONALE","Contesto urbano":null,"Elemento":null,"Latitudine":38.1278813,"Longitudine":13.299908,"Punteggio":63,"Livello accessibilita":"Parzialmente inaccessibile","Rilevanza":"Alta","Non valutabile":"No","N. foto rilievo":1,"Criticità Rilevate":"Accesso compromesso da dislivelli; rampa con pendenza eccessiva; pavimentazione sconnessa; assenza di indicazioni per ipovedenti; bagni non a norma.","Indirizzo":"LARGO POZZILLO, 7","Nome Immobile":"CIRCOSCRIZIONE V BORGONUOVO","Circoscrizione":"V","Quartiere":"Borgo Nuovo","UPL":"Borgo Nuovo"},"geometry":{"type":"Point","coordinates":[13.299908,38.1278813]}},
{"type":"Feature","properties":{"Codice":"VC_26","Nome/Localizzazione":"VIA LUIGI BARBA – VIA BARISANO DA TRANI – VIA FILIPPO PALADINI – VIALE MICHELANGELO – VIA ACIREALE – VIA","Gruppo":"Via cittadina","Categoria":"PERCORSI CITTADINI","Contesto urbano":"VIABILITÀ URBANA DI QUARTIERE/RESIDENZIALE","Elemento":"MARCIAPIEDE","Latitudine":38.1368187,"Longitudine":13.310955,"Punteggio":46,"Livello accessibilita":"Parzialmente accessibile","Rilevanza":"Alta","Non valutabile":"No","N. foto rilievo":12,"Criticità Rilevate":null,"Indirizzo":null,"Nome Immobile":null,"Circoscrizione":"VI","Quartiere":"Cruillas - S.Giovanni Apostolo","UPL":"San Giovanni Apostolo"},"geometry":{"type":"Point","coordinates":[13.310955,38.1368187]}},
{"type":"Feature","properties":{"Codice":"AV_05","Nome/Localizzazione":"PIAZZA BENVENUTO CELLINI","Gruppo":"Area verde","Categoria":"AREE URBANE","Contesto urbano":"AMBITO RESIDENZIALE DI PERIFERIA","Elemento":"PERCORSI INTERNI","Latitudine":38.13744,"Longitudine":13.3096793,"Punteggio":47,"Livello accessibilita":"Parzialmente accessibile","Rilevanza":"Bassa","Non valutabile":"No","N. foto rilievo":7,"Criticità Rilevate":null,"Indirizzo":null,"Nome Immobile":null,"Circoscrizione":"VI","Quartiere":"Cruillas - S.Giovanni Apostolo","UPL":"San Giovanni Apostolo"},"geometry":{"type":"Point","coordinates":[13.3096793,38.13744]}},
{"type":"Feature","properties":{"Codice":"A_06","Nome/Localizzazione":"NIDO PETER PAN","Gruppo":"Asilo","Categoria":"SERVIZI PUBBLICI – ISTRUZIONE – ASILO","Contesto urbano":null,"Elemento":null,"Latitudine":38.1359562,"Longitudine":13.310704,"Punteggio":58,"Livello accessibilita":"Parzialmente accessibile","Rilevanza":"Alta","Non valutabile":"No","N. foto rilievo":4,"Criticità Rilevate":"Citofono troppo alto; assenza di guida naturale/artificiale per ipovedenti; porta servizio igienico priva di maniglione antipanico; assenza di pavimentazione tattile.","Indirizzo":"VIA BARISANO DA TRANI, 5/D","Nome Immobile":"NIDO PETER PAN","Circoscrizione":"VI","Quartiere":"Cruillas - S.Giovanni Apostolo","UPL":"San Giovanni Apostolo"},"geometry":{"type":"Point","coordinates":[13.310704,38.1359562]}},
{"type":"Feature","properties":{"Codice":"VS_45","Nome/Localizzazione":"VIA CRUILLAS – VIA TRABUCCO","Gruppo":"Percorso storico","Categoria":"PERCORSI STORICI","Contesto urbano":"ARTERIE INTERNE PERIFERICHE","Elemento":"MARCIAPIEDE","Latitudine":38.1440548,"Longitudine":13.3182606,"Punteggio":64,"Livello accessibilita":"Parzialmente inaccessibile","Rilevanza":"Alta","Non valutabile":"No","N. foto rilievo":18,"Criticità Rilevate":null,"Indirizzo":null,"Nome Immobile":null,"Circoscrizione":"VI","Quartiere":"Cruillas - S.Giovanni Apostolo","UPL":"Cruillas"},"geometry":{"type":"Point","coordinates":[13.3182606,38.1440548]}},
{"type":"Feature","properties":{"Codice":"VS_51","Nome/Localizzazione":"VIA GIUSEPPE PREZZOLINI – VIA NUOVA – VIA DEI QUARTIERI – VIALE DUCA DEGLI ABBRUZZI – VIA MATER DOLOROSA","Gruppo":"Percorso storico","Categoria":"PERCORSI STORICI","Contesto urbano":"ARTERIE INTERNE PERIFERICHE","Elemento":"MARCIAPIEDE","Latitudine":38.1594707,"Longitudine":13.321139,"Punteggio":44,"Livello accessibilita":"Parzialmente accessibile","Rilevanza":"Alta","Non valutabile":"No","N. foto rilievo":20,"Criticità Rilevate":null,"Indirizzo":null,"Nome Immobile":null,"Circoscrizione":"VI","Quartiere":"Resuttana - S.Lorenzo","UPL":"San Lorenzo"},"geometry":{"type":"Point","coordinates":[13.321139,38.1594707]}},
{"type":"Feature","properties":{"Codice":"VC_42","Nome/Localizzazione":"VIALE FRANCIA – VIA UGO LA MALFA","Gruppo":"Via cittadina","Categoria":"PERCORSI CITTADINI","Contesto urbano":"AREA COMMERCIALE E DIREZIONALE","Elemento":"MARCIAPIEDE","Latitudine":38.1549578,"Longitudine":13.3230181,"Punteggio":44,"Livello accessibilita":"Parzialmente accessibile","Rilevanza":"Alta","Non valutabile":"No","N. foto rilievo":15,"Criticità Rilevate":null,"Indirizzo":null,"Nome Immobile":null,"Circoscrizione":"VI","Quartiere":"Resuttana - S.Lorenzo","UPL":"San Lorenzo"},"geometry":{"type":"Point","coordinates":[13.3230181,38.1549578]}},
{"type":"Feature","properties":{"Codice":"U_03","Nome/Localizzazione":"SETTORE SERVIZI ALLE IMPRESE - SUAP","Gruppo":"Sede amministrativa/istituzionale","Categoria":"SERVIZI PUBBLICI – UFFICI - SPORTELLO UNICO","Contesto urbano":null,"Elemento":null,"Latitudine":38.1678445,"Longitudine":13.3036578,"Punteggio":66,"Livello accessibilita":"Parzialmente inaccessibile","Rilevanza":"Alta","Non valutabile":"No","N. foto rilievo":5,"Criticità Rilevate":"Accesso compromesso da scale e pendenze; campanello troppo alto; sportello informazioni non accessibile; servizi igienici privi di maniglioni; assenza di percorsi tattili.","Indirizzo":"VIA UGO LA MALFA, 34","Nome Immobile":"SETTORE SERVIZI ALLE IMPRESE - SUAP","Circoscrizione":"VI","Quartiere":"Resuttana - S.Lorenzo","UPL":"San Lorenzo"},"geometry":{"type":"Point","coordinates":[13.3036578,38.1678445]}},
{"type":"Feature","properties":{"Codice":"U_02","Nome/Localizzazione":"SERVIZIO POLIZIA MUNICIPALE","Gruppo":"Sede amministrativa/istituzionale","Categoria":"SERVIZI PUBBLICI – UFFICI - COMANDO POLIZIA LOCALE / PUBBL. SICUREZZA","Contesto urbano":null,"Elemento":null,"Latitudine":38.1611352,"Longitudine":13.3145618,"Punteggio":61,"Livello accessibilita":"Parzialmente accessibile","Rilevanza":"Alta","Non valutabile":"No","N. foto rilievo":4,"Criticità Rilevate":null,"Indirizzo":null,"Nome Immobile":null,"Circoscrizione":"VI","Quartiere":"Resuttana - S.Lorenzo","UPL":"San Lorenzo"},"geometry":{"type":"Point","coordinates":[13.3145618,38.1611352]}},
{"type":"Feature","properties":{"Codice":"S_02","Nome/Localizzazione":"SCUOLA BENTIVEGNA","Gruppo":"Scuola","Categoria":"SERVIZI PUBBLICI – ISTRUZIONE – SCUOLA DELL’INFANZIA E PRIMARIA","Contesto urbano":null,"Elemento":null,"Latitudine":38.1666522,"Longitudine":13.316668,"Punteggio":73,"Livello accessibilita":"Parzialmente inaccessibile","Rilevanza":"Alta","Non valutabile":"No","N. foto rilievo":7,"Criticità Rilevate":"Mancanza di parcheggio rampa; campanello troppo alto; antibagno piccolo; insufficienza maniglioni; assenza percorso tattile; cromatismi non idonei.","Indirizzo":"VIA SAN LORENZO, 85","Nome Immobile":"SCUOLA BENTIVEGNA","Circoscrizione":"VI","Quartiere":"Resuttana - S.Lorenzo","UPL":"San Lorenzo"},"geometry":{"type":"Point","coordinates":[13.316668,38.1666522]}},
{"type":"Feature","properties":{"Codice":"AV_03","Nome/Localizzazione":"GIARDINO PIAZZA NISCEMI, PIAZZA NISCEMI","Gruppo":"Area verde","Categoria":"AREE URBANE","Contesto urbano":"AMBITO RESIDENZIALE","Elemento":"PERCORSI INTERNI","Latitudine":38.1626685,"Longitudine":13.3318408,"Punteggio":42,"Livello accessibilita":"Parzialmente accessibile","Rilevanza":"Alta","Non valutabile":"No","N. foto rilievo":9,"Criticità Rilevate":null,"Indirizzo":null,"Nome Immobile":null,"Circoscrizione":"VI","Quartiere":"Resuttana - S.Lorenzo","UPL":"San Lorenzo"},"geometry":{"type":"Point","coordinates":[13.3318408,38.1626685]}},
{"type":"Feature","properties":{"Codice":"U_05","Nome/Localizzazione":"CIRCOSCRIZIONE VI - SPORTELLO POLIFUNZIONALE","Gruppo":"Sede amministrativa/istituzionale","Categoria":"SERVIZI PUBBLICI – UFFICI - SPORTELLO POLIFUNZIONALE DI SERVIZI DEMOGRAFICI E AMMINISTRATIVI","Contesto urbano":null,"Elemento":null,"Latitudine":38.1536378,"Longitudine":13.3251196,"Punteggio":58,"Livello accessibilita":"Parzialmente accessibile","Rilevanza":"Alta","Non valutabile":"No","N. foto rilievo":10,"Criticità Rilevate":null,"Indirizzo":null,"Nome Immobile":null,"Circoscrizione":"VI","Quartiere":"Resuttana - S.Lorenzo","UPL":"Resuttana"},"geometry":{"type":"Point","coordinates":[13.3251196,38.1536378]}},
{"type":"Feature","properties":{"Codice":"S_04","Nome/Localizzazione":"SCUOLA MALAGUZZI","Gruppo":"Scuola","Categoria":"SERVIZI PUBBLICI – ISTRUZIONE – SCUOLA DELL’INFANZIA","Contesto urbano":null,"Elemento":null,"Latitudine":38.1494257,"Longitudine":13.3274354,"Punteggio":61,"Livello accessibilita":"Parzialmente accessibile","Rilevanza":"Alta","Non valutabile":"No","N. foto rilievo":4,"Criticità Rilevate":"Assenza parcheggio rampa; campanello troppo alto; water non adeguato; assenza pavimentazione tattile; porta non idonea.","Indirizzo":"VIA MONTI IBLEI, 49/53","Nome Immobile":"SCUOLA MALAGUZZI","Circoscrizione":"VI","Quartiere":"Resuttana - S.Lorenzo","UPL":"Resuttana"},"geometry":{"type":"Point","coordinates":[13.3274354,38.1494257]}},
{"type":"Feature","properties":{"Codice":"S_03","Nome/Localizzazione":"SCUOLA COLLODI","Gruppo":"Scuola","Categoria":"SERVIZI PUBBLICI – ISTRUZIONE – SCUOLA DELL’INFANZIA E PRIMARIA","Contesto urbano":null,"Elemento":null,"Latitudine":38.1520999,"Longitudine":13.3333057,"Punteggio":62,"Livello accessibilita":"Parzialmente inaccessibile","Rilevanza":"Alta","Non valutabile":"No","N. foto rilievo":7,"Criticità Rilevate":"Campanello troppo alto; assenza maniglione antipanico; water non idoneo; corrimano discontinuo; assenza pavimentazione tattile; porte non idonee.","Indirizzo":"VIA BRIUCCIA, 89","Nome Immobile":"SCUOLA COLLODI","Circoscrizione":"VI","Quartiere":"Resuttana - S.Lorenzo","UPL":"Resuttana"},"geometry":{"type":"Point","coordinates":[13.3333057,38.1520999]}},
{"type":"Feature","properties":{"Codice":"A_21","Nome/Localizzazione":"NIDO GRILLO PARLANTE","Gruppo":"Asilo","Categoria":"SERVIZI PUBBLICI – ISTRUZIONE – ASILO","Contesto urbano":null,"Elemento":null,"Latitudine":38.155364,"Longitudine":13.3335184,"Punteggio":62,"Livello accessibilita":"Parzialmente inaccessibile","Rilevanza":"Alta","Non valutabile":"No","N. foto rilievo":4,"Criticità Rilevate":"Rampa che termina su un gradino di 5 cm; citofono non raggiungibile; mancanza di contrasto cromatico su porte e maniglioni; bagni con maniglioni insufficienti; assenza segnaletica per ipovedenti.","Indirizzo":"VIA CADUTI SENZA CROCE, 22","Nome Immobile":"NIDO GRILLO PARLANTE","Circoscrizione":"VI","Quartiere":"Resuttana - S.Lorenzo","UPL":"Resuttana"},"geometry":{"type":"Point","coordinates":[13.3335184,38.155364]}},
{"type":"Feature","properties":{"Codice":"A_04","Nome/Localizzazione":"NIDO MELOGRANO","Gruppo":"Asilo","Categoria":"SERVIZI PUBBLICI – ISTRUZIONE – ASILO","Contesto urbano":null,"Elemento":null,"Latitudine":38.1531026,"Longitudine":13.3259806,"Punteggio":62,"Livello accessibilita":"Parzialmente inaccessibile","Rilevanza":"Alta","Non valutabile":"No","N. foto rilievo":7,"Criticità Rilevate":"Citofono troppo alto; larghezza corridoi e porte insufficiente; assenza di maniglione antipanico nel bagno; sanitari non idonei; pavimentazione sconnessa.","Indirizzo":"VIA MONTE SAN CALOGERO, 10","Nome Immobile":"NIDO MELOGRANO","Circoscrizione":"VI","Quartiere":"Resuttana - S.Lorenzo","UPL":"Resuttana"},"geometry":{"type":"Point","coordinates":[13.3259806,38.1531026]}},
{"type":"Feature","properties":{"Codice":"VC_46","Nome/Localizzazione":"VIA ALCIDE DE GASPERI – VIALE DEL FANTE","Gruppo":"Via cittadina","Categoria":"PERCORSI CITTADINI","Contesto urbano":"ASSE RESIDENZIALE","Elemento":"MARCIAPIEDE","Latitudine":38.1504703,"Longitudine":13.3359204,"Punteggio":34,"Livello accessibilita":"Accessibile","Rilevanza":"Alta","Non valutabile":"No","N. foto rilievo":16,"Criticità Rilevate":null,"Indirizzo":null,"Nome Immobile":null,"Circoscrizione":"VI","Quartiere":"Resuttana - S.Lorenzo","UPL":"Resuttana"},"geometry":{"type":"Point","coordinates":[13.3359204,38.1504703]}},
{"type":"Feature","properties":{"Codice":"VC_45","Nome/Localizzazione":"VIA SALVATORE ALDISIO – VIA RESUTTANA – VIA CADUTI SENZA CROCE","Gruppo":"Via cittadina","Categoria":"PERCORSI CITTADINI","Contesto urbano":"RESIDENZIALE","Elemento":"MARCIAPIEDE","Latitudine":38.1555645,"Longitudine":13.3300872,"Punteggio":35,"Livello accessibilita":"Accessibile","Rilevanza":"Alta","Non valutabile":"No","N. foto rilievo":10,"Criticità Rilevate":null,"Indirizzo":null,"Nome Immobile":null,"Circoscrizione":"VI","Quartiere":"Resuttana - S.Lorenzo","UPL":"Resuttana"},"geometry":{"type":"Point","coordinates":[13.3300872,38.1555645]}},
{"type":"Feature","properties":{"Codice":"VC_43","Nome/Localizzazione":"VIA BELGIO – VIA MONTE SAN CALOGERO","Gruppo":"Via cittadina","Categoria":"PERCORSI CITTADINI","Contesto urbano":"RESIDENZIALE","Elemento":"MARCIAPIEDE","Latitudine":38.1490574,"Longitudine":13.3270326,"Punteggio":39,"Livello accessibilita":"Parzialmente accessibile","Rilevanza":"Alta","Non valutabile":"No","N. foto rilievo":11,"Criticità Rilevate":null,"Indirizzo":null,"Nome Immobile":null,"Circoscrizione":"VI","Quartiere":"Resuttana - S.Lorenzo","UPL":"Resuttana"},"geometry":{"type":"Point","coordinates":[13.3270326,38.1490574]}},
{"type":"Feature","properties":{"Codice":"U_07","Nome/Localizzazione":"POLO TECNICO","Gruppo":"Sede amministrativa/istituzionale","Categoria":"SERVIZI PUBBLICI – UFFICI - UFFICIO TECNICO COMUNALE","Contesto urbano":null,"Elemento":null,"Latitudine":38.1503323,"Longitudine":13.3349017,"Punteggio":69,"Livello accessibilita":"Parzialmente inaccessibile","Rilevanza":"Alta","Non valutabile":"No","N. foto rilievo":7,"Criticità Rilevate":"Assenza di percorsi tattili; corrimano discontinuo; sportello informazioni troppo alto; servizi igienici con maniglioni insufficienti; presenza di cordoli esterni.","Indirizzo":"VIA AUSONIA, 69","Nome Immobile":"POLO TECNICO","Circoscrizione":"VI","Quartiere":"Resuttana - S.Lorenzo","UPL":"Resuttana"},"geometry":{"type":"Point","coordinates":[13.3349017,38.1503323]}},
{"type":"Feature","properties":{"Codice":"U_06","Nome/Localizzazione":"STADIO COMUNALE R. BARBERA","Gruppo":"Sede amministrativa/istituzionale","Categoria":"SERVIZI PUBBLICI – UFFICI - SEDE SPORTIVA PALERMO F.C.","Contesto urbano":null,"Elemento":null,"Latitudine":38.1304988,"Longitudine":13.1798424,"Punteggio":67,"Livello accessibilita":"Parzialmente inaccessibile","Rilevanza":"Alta","Non valutabile":"No","N. foto rilievo":7,"Criticità Rilevate":"Segnaletica orizzontale e tattile non a norma; pavimentazione discontinua; percorsi di visita limitati; pendenze eccessive; bagni con ostacoli e soffitto basso.","Indirizzo":"VIA DEL FANTE 11","Nome Immobile":"STADIO COMUNALE R. BARBERA","Circoscrizione":"VI","Quartiere":"Resuttana - S.Lorenzo","UPL":"Resuttana"},"geometry":{"type":"Point","coordinates":[13.341561389918047,38.152478362779135]}},
{"type":"Feature","properties":{"Codice":"VS_56","Nome/Localizzazione":"VIA TOMMASO NATALE","Gruppo":"Percorso storico","Categoria":"PERCORSI STORICI","Contesto urbano":"ALTA PRESSIONE TURISTICA","Elemento":"MARCIAPIEDE","Latitudine":38.1825964,"Longitudine":13.2973162,"Punteggio":41,"Livello accessibilita":"Parzialmente accessibile","Rilevanza":"Alta","Non valutabile":"No","N. foto rilievo":14,"Criticità Rilevate":null,"Indirizzo":null,"Nome Immobile":null,"Circoscrizione":"VII","Quartiere":"Tommaso Natale - Sferracavallo","UPL":"Tommaso Natale - Sant'Ambrogio - Cardillo"},"geometry":{"type":"Point","coordinates":[13.2973162,38.1825964]}},
{"type":"Feature","properties":{"Codice":"VC_20","Nome/Localizzazione":"PIAZZA MANDORLE – VIA PARTANNA MONDELLO – VIA EMILIO SALGARI","Gruppo":"Via cittadina","Categoria":"PERCORSI CITTADINI","Contesto urbano":"AREA PERIFERICA","Elemento":"MARCIAPIEDE","Latitudine":38.1881863,"Longitudine":13.2890578,"Punteggio":51,"Livello accessibilita":"Parzialmente accessibile","Rilevanza":"Alta","Non valutabile":"No","N. foto rilievo":13,"Criticità Rilevate":null,"Indirizzo":null,"Nome Immobile":null,"Circoscrizione":"VII","Quartiere":"Tommaso Natale - Sferracavallo","UPL":"Tommaso Natale - Sant'Ambrogio - Cardillo"},"geometry":{"type":"Point","coordinates":[13.2890578,38.1881863]}},
{"type":"Feature","properties":{"Codice":"VS_57","Nome/Localizzazione":"PIAZZA SFERRACAVALLO (S.S.113) - VIA TORRETTA (S.S.113) - VIA CATULLO","Gruppo":"Percorso storico","Categoria":"PERCORSI STORICI","Contesto urbano":"AREA TURISTICA","Elemento":"MARCIAPIEDE","Latitudine":38.1982151,"Longitudine":13.276741,"Punteggio":50,"Livello accessibilita":"Parzialmente accessibile","Rilevanza":"Alta","Non valutabile":"No","N. foto rilievo":12,"Criticità Rilevate":null,"Indirizzo":null,"Nome Immobile":null,"Circoscrizione":"VII","Quartiere":"Tommaso Natale - Sferracavallo","UPL":"Sferracavallo"},"geometry":{"type":"Point","coordinates":[13.276741,38.1982151]}},
{"type":"Feature","properties":{"Codice":"A_01","Nome/Localizzazione":"NIDO FRANCESCA MORVILLO","Gruppo":"Asilo","Categoria":"SERVIZI PUBBLICI – ISTRUZIONE – ASILO","Contesto urbano":null,"Elemento":null,"Latitudine":38.1977715,"Longitudine":13.2800229,"Punteggio":62,"Livello accessibilita":"Parzialmente inaccessibile","Rilevanza":"Alta","Non valutabile":"No","N. foto rilievo":7,"Criticità Rilevate":"Sconnessioni nel percorso di accesso; citofono troppo alto; assenza di pavimentazione tattile e segnaletica per ipovedenti; maniglioni insufficienti nei servizi igienici; pendenza eccessiva all'esterno.","Indirizzo":"VIA PEGASO, 29","Nome Immobile":"NIDO FRANCESCA MORVILLO","Circoscrizione":"VII","Quartiere":"Tommaso Natale - Sferracavallo","UPL":"Sferracavallo"},"geometry":{"type":"Point","coordinates":[13.2800229,38.1977715]}},
{"type":"Feature","properties":{"Codice":"VS_55","Nome/Localizzazione":"VIALE REGINA ELENA","Gruppo":"Percorso storico","Categoria":"PERCORSI STORICI","Contesto urbano":"ALTA PRESSIONE TURISTICA E OSTRUZIONE","Elemento":"MARCIAPIEDE","Latitudine":38.1991815,"Longitudine":13.3289351,"Punteggio":41,"Livello accessibilita":"Parzialmente accessibile","Rilevanza":"Alta","Non valutabile":"No","N. foto rilievo":13,"Criticità Rilevate":null,"Indirizzo":null,"Nome Immobile":null,"Circoscrizione":"VII","Quartiere":"Partanna Mondello","UPL":"Partanna Mondello"},"geometry":{"type":"Point","coordinates":[13.3289351,38.1991815]}},
{"type":"Feature","properties":{"Codice":"VS_54","Nome/Localizzazione":"VIA PRINCIPE DI SCALEA (S.S.113) - VIA GLAUCO (S.S.113) - VIA ANADIOMENE (S.S.113)","Gruppo":"Percorso storico","Categoria":"PERCORSI STORICI","Contesto urbano":"VIE LITORALI ALTO TRAFFICO","Elemento":"MARCIAPIEDE","Latitudine":38.1991285,"Longitudine":13.3276869,"Punteggio":42,"Livello accessibilita":"Parzialmente accessibile","Rilevanza":"Alta","Non valutabile":"No","N. foto rilievo":12,"Criticità Rilevate":null,"Indirizzo":null,"Nome Immobile":null,"Circoscrizione":"VII","Quartiere":"Partanna Mondello","UPL":"Partanna Mondello"},"geometry":{"type":"Point","coordinates":[13.3276869,38.1991285]}},
{"type":"Feature","properties":{"Codice":"VS_53","Nome/Localizzazione":"VIA PARTANNA MONDELLO (S.S.113) - VIA LORENZO IANDOLINO (S.S.113) - VIA CARBONE (S.S.113) - VIALE","Gruppo":"Percorso storico","Categoria":"PERCORSI STORICI","Contesto urbano":"VIALE DI SCORRIMENTO","Elemento":"MARCIAPIEDE","Latitudine":38.1943426,"Longitudine":13.3044966,"Punteggio":44,"Livello accessibilita":"Parzialmente accessibile","Rilevanza":"Alta","Non valutabile":"No","N. foto rilievo":16,"Criticità Rilevate":null,"Indirizzo":null,"Nome Immobile":null,"Circoscrizione":"VII","Quartiere":"Partanna Mondello","UPL":"Partanna Mondello"},"geometry":{"type":"Point","coordinates":[13.3044966,38.1943426]}},
{"type":"Feature","properties":{"Codice":"VC_25","Nome/Localizzazione":"VIALE MARGHERITA DI SAVOIA","Gruppo":"Via cittadina","Categoria":"PERCORSI CITTADINI","Contesto urbano":"TURISTICO-BALNEARE","Elemento":"MARCIAPIEDE","Latitudine":38.1899621,"Longitudine":13.3328917,"Punteggio":36,"Livello accessibilita":"Accessibile","Rilevanza":"Alta","Non valutabile":"No","N. foto rilievo":13,"Criticità Rilevate":null,"Indirizzo":null,"Nome Immobile":null,"Circoscrizione":"VII","Quartiere":"Partanna Mondello","UPL":"Partanna Mondello"},"geometry":{"type":"Point","coordinates":[13.3328917,38.1899621]}},
{"type":"Feature","properties":{"Codice":"VC_24","Nome/Localizzazione":"VIALE IRIS","Gruppo":"Via cittadina","Categoria":"PERCORSI CITTADINI","Contesto urbano":"TURISTICO-BALNEARE","Elemento":"MARCIAPIEDE","Latitudine":38.1992595,"Longitudine":13.3281904,"Punteggio":48,"Livello accessibilita":"Parzialmente accessibile","Rilevanza":"Alta","Non valutabile":"No","N. foto rilievo":12,"Criticità Rilevate":null,"Indirizzo":null,"Nome Immobile":null,"Circoscrizione":"VII","Quartiere":"Partanna Mondello","UPL":"Partanna Mondello"},"geometry":{"type":"Point","coordinates":[13.3281904,38.1992595]}},
{"type":"Feature","properties":{"Codice":"VC_21","Nome/Localizzazione":"VIA TETI – VIALE PRINCIPE DI SCALEA","Gruppo":"Via cittadina","Categoria":"PERCORSI CITTADINI","Contesto urbano":"TURISTICO-BALNEARE","Elemento":"MARCIAPIEDE","Latitudine":38.2057435,"Longitudine":13.3242887,"Punteggio":41,"Livello accessibilita":"Parzialmente accessibile","Rilevanza":"Alta","Non valutabile":"No","N. foto rilievo":13,"Criticità Rilevate":null,"Indirizzo":null,"Nome Immobile":null,"Circoscrizione":"VII","Quartiere":"Partanna Mondello","UPL":"Partanna Mondello"},"geometry":{"type":"Point","coordinates":[13.3242887,38.2057435]}},
{"type":"Feature","properties":{"Codice":"VC_23","Nome/Localizzazione":"VIALE DELLE ROSE","Gruppo":"Via cittadina","Categoria":"PERCORSI CITTADINI","Contesto urbano":"TURISTICO-BALNEARE","Elemento":"MARCIAPIEDE","Latitudine":38.049092,"Longitudine":13.387897,"Punteggio":42,"Livello accessibilita":"Parzialmente accessibile","Rilevanza":"Alta","Non valutabile":"No","N. foto rilievo":12,"Criticità Rilevate":null,"Indirizzo":null,"Nome Immobile":null,"Circoscrizione":"VII","Quartiere":"Partanna Mondello","UPL":"Partanna Mondello"},"geometry":{"type":"Point","coordinates":[13.326704142786387,38.200783662878045]}},
{"type":"Feature","properties":{"Codice":"A_08","Nome/Localizzazione":"NIDO LA MIMOSA","Gruppo":"Asilo","Categoria":"SERVIZI PUBBLICI – ISTRUZIONE – ASILO","Contesto urbano":null,"Elemento":null,"Latitudine":38.1672819,"Longitudine":13.3294462,"Punteggio":56,"Livello accessibilita":"Parzialmente accessibile","Rilevanza":"Alta","Non valutabile":"No","N. foto rilievo":7,"Criticità Rilevate":"Citofono non idoneo; pavimentazione esterna sconnessa; assenza di pavimentazione tattile; locali non fruibili per ipovedenti.","Indirizzo":"VIA DUCA DEGLI ABRUZZI, 12","Nome Immobile":"NIDO LA MIMOSA","Circoscrizione":"VII","Quartiere":"Pallavicino","UPL":"Pallavicino"},"geometry":{"type":"Point","coordinates":[13.3294462,38.1672819]}},
{"type":"Feature","properties":{"Codice":"A_03","Nome/Localizzazione":"NIDO CLAUDIO DOMINO","Gruppo":"Asilo","Categoria":"SERVIZI PUBBLICI – ISTRUZIONE – ASILO","Contesto urbano":null,"Elemento":null,"Latitudine":38.169736,"Longitudine":13.321856,"Punteggio":67,"Livello accessibilita":"Parzialmente inaccessibile","Rilevanza":"Alta","Non valutabile":"No","N. foto rilievo":7,"Criticità Rilevate":"Criticità diffuse nei collegamenti verticali; percorso di accesso non a norma; citofono non raggiungibile; assenza di guida per ipovedenti; porta servizio igienico priva di maniglione antipanico; presenza di vegetazione infestante.","Indirizzo":"PIAZZA FERRINI CONTARDO, 14","Nome Immobile":"NIDO CLAUDIO DOMINO","Circoscrizione":"VII","Quartiere":"Pallavicino","UPL":"Patti - Villaggio Ruffini"},"geometry":{"type":"Point","coordinates":[13.321856,38.169736]}},
{"type":"Feature","properties":{"Codice":"VS_52","Nome/Localizzazione":"VIALE DELLA RESURREZIONE","Gruppo":"Percorso storico","Categoria":"PERCORSI STORICI","Contesto urbano":"VIALE DI SCORRIMENTO NORD, TRAFFICO INTENSO","Elemento":"MARCIAPIEDE","Latitudine":38.1687794,"Longitudine":13.3224068,"Punteggio":48,"Livello accessibilita":"Parzialmente accessibile","Rilevanza":"Alta","Non valutabile":"No","N. foto rilievo":14,"Criticità Rilevate":null,"Indirizzo":null,"Nome Immobile":null,"Circoscrizione":"VII","Quartiere":"Pallavicino","UPL":"Patti - Villaggio Ruffini"},"geometry":{"type":"Point","coordinates":[13.3224068,38.1687794]}},
{"type":"Feature","properties":{"Codice":"VC_18","Nome/Localizzazione":"VIA ELEONORA DUSE – VIA PADRE ROSARIO DA PARTANNA","Gruppo":"Via cittadina","Categoria":"PERCORSI CITTADINI","Contesto urbano":"ASSE RESIDENZIALE","Elemento":"MARCIAPIEDE","Latitudine":38.1707584,"Longitudine":13.3189526,"Punteggio":51,"Livello accessibilita":"Parzialmente accessibile","Rilevanza":"Alta","Non valutabile":"No","N. foto rilievo":13,"Criticità Rilevate":null,"Indirizzo":null,"Nome Immobile":null,"Circoscrizione":"VII","Quartiere":"Pallavicino","UPL":"Patti - Villaggio Ruffini"},"geometry":{"type":"Point","coordinates":[13.3189526,38.1707584]}},
{"type":"Feature","properties":{"Codice":"U_01","Nome/Localizzazione":"CIRCOSCRIZIONE VII - DIREZIONE/ORGANI ISTITUZIONALI","Gruppo":"Sede amministrativa/istituzionale","Categoria":"SERVIZI PUBBLICI – UFFICI - UFFICIO AMMINISTRATIVO COMUNALE","Contesto urbano":null,"Elemento":null,"Latitudine":38.1707584,"Longitudine":13.3189526,"Punteggio":58,"Livello accessibilita":"Parzialmente accessibile","Rilevanza":"Alta","Non valutabile":"No","N. foto rilievo":7,"Criticità Rilevate":null,"Indirizzo":null,"Nome Immobile":null,"Circoscrizione":"VII","Quartiere":"Pallavicino","UPL":"Patti - Villaggio Ruffini"},"geometry":{"type":"Point","coordinates":[13.3189526,38.1707584]}},
{"type":"Feature","properties":{"Codice":"VC_17","Nome/Localizzazione":"VIA FRANCESCO DE GOBBIS - VIA AGESIA DI SIRACUSA (NON VALUTABILE)","Gruppo":"Via cittadina","Categoria":"PERCORSI CITTADINI","Contesto urbano":null,"Elemento":null,"Latitudine":38.1789511,"Longitudine":13.309922,"Punteggio":null,"Livello accessibilita":"Non valutabile","Rilevanza":null,"Non valutabile":"Si","N. foto rilievo":0,"Criticità Rilevate":null,"Indirizzo":null,"Nome Immobile":null,"Circoscrizione":"VII","Quartiere":"Pallavicino","UPL":"San Filippo Neri"},"geometry":{"type":"Point","coordinates":[13.309922,38.1789511]}},
{"type":"Feature","properties":{"Codice":"VC_16","Nome/Localizzazione":"VIA SMITH ADAMO - VIA FAUSTO COPPI (NON VALUTABILE)","Gruppo":"Via cittadina","Categoria":"PERCORSI CITTADINI","Contesto urbano":null,"Elemento":null,"Latitudine":38.177228,"Longitudine":13.311839,"Punteggio":null,"Livello accessibilita":"Non valutabile","Rilevanza":null,"Non valutabile":"Si","N. foto rilievo":0,"Criticità Rilevate":null,"Indirizzo":null,"Nome Immobile":null,"Circoscrizione":"VII","Quartiere":"Pallavicino","UPL":"San Filippo Neri"},"geometry":{"type":"Point","coordinates":[13.311839,38.177228]}},
{"type":"Feature","properties":{"Codice":"AV_01","Nome/Localizzazione":"PARCO D’URSO ERMELINDA, VIA GINO ZAPPA (NON VALUTABILE)","Gruppo":"Area verde","Categoria":"AREE URBANE","Contesto urbano":null,"Elemento":null,"Latitudine":38.178121,"Longitudine":13.3122973,"Punteggio":null,"Livello accessibilita":"Non valutabile","Rilevanza":null,"Non valutabile":"Si","N. foto rilievo":0,"Criticità Rilevate":null,"Indirizzo":null,"Nome Immobile":null,"Circoscrizione":"VII","Quartiere":"Pallavicino","UPL":"San Filippo Neri"},"geometry":{"type":"Point","coordinates":[13.3122973,38.178121]}},
{"type":"Feature","properties":{"Codice":"A_02","Nome/Localizzazione":"NIDO LA COCCINELLA","Gruppo":"Asilo","Categoria":"SERVIZI PUBBLICI – ISTRUZIONE – ASILO","Contesto urbano":null,"Elemento":null,"Latitudine":38.1806242,"Longitudine":13.3111933,"Punteggio":56,"Livello accessibilita":"Parzialmente accessibile","Rilevanza":"Alta","Non valutabile":"No","N. foto rilievo":7,"Criticità Rilevate":"Assenza di segnaletica per ipovedenti; porta d'ingresso e interne parzialmente adeguate; maniglioni insufficienti nel bagno disabili; assenza di pavimentazione tattile.","Indirizzo":"VIA PIETRO D’ALVISE, 2","Nome Immobile":"NIDO LA COCCINELLA","Circoscrizione":"VII","Quartiere":"Pallavicino","UPL":"San Filippo Neri"},"geometry":{"type":"Point","coordinates":[13.3111933,38.1806242]}},
{"type":"Feature","properties":{"Codice":"VC_15","Nome/Localizzazione":"VIA ANWAR SADAT – VIA AMMIRAGLIO RIZZO","Gruppo":"Via cittadina","Categoria":"PERCORSI CITTADINI","Contesto urbano":"AREA DIREZIONALI E RESIDENZIALI","Elemento":"MARCIAPIEDE","Latitudine":38.1450728,"Longitudine":13.3552687,"Punteggio":37,"Livello accessibilita":"Accessibile","Rilevanza":"Alta","Non valutabile":"No","N. foto rilievo":15,"Criticità Rilevate":null,"Indirizzo":null,"Nome Immobile":null,"Circoscrizione":"VIII","Quartiere":"Montepellegrino","UPL":"Montepellegrino"},"geometry":{"type":"Point","coordinates":[13.3552687,38.1450728]}},
{"type":"Feature","properties":{"Codice":"VC_14","Nome/Localizzazione":"VIA MONTEPELLEGRINO – VIA DEI CANTIERI – VIA DON ORIONE","Gruppo":"Via cittadina","Categoria":"PERCORSI CITTADINI","Contesto urbano":"ALTA PRESENZA DI SERVIZI","Elemento":"MARCIAPIEDE","Latitudine":38.139665,"Longitudine":13.3580558,"Punteggio":43,"Livello accessibilita":"Parzialmente accessibile","Rilevanza":"Alta","Non valutabile":"No","N. foto rilievo":19,"Criticità Rilevate":null,"Indirizzo":null,"Nome Immobile":null,"Circoscrizione":"VIII","Quartiere":"Montepellegrino","UPL":"Montepellegrino"},"geometry":{"type":"Point","coordinates":[13.3580558,38.139665]}},
{"type":"Feature","properties":{"Codice":"U_08","Nome/Localizzazione":"CASA COMUNALE - UFFICIO STATALE LOCALE","Gruppo":"Sede amministrativa/istituzionale","Categoria":"SERVIZI PUBBLICI – UFFICI -   UFFICIO AMMINISTRATIVO COMUNALE","Contesto urbano":null,"Elemento":null,"Latitudine":38.1450728,"Longitudine":13.3552687,"Punteggio":71,"Livello accessibilita":"Parzialmente inaccessibile","Rilevanza":"Alta","Non valutabile":"No","N. foto rilievo":4,"Criticità Rilevate":"Ascensore non a norma; sportello informazioni inaccessibile; pavimentazione esterna sconnessa; assenza di guide sensoriali e maniglioni antipanico; servizi igienici carenti.","Indirizzo":"VIA ANWAR SADAT, 11/13","Nome Immobile":"CASA COMUNALE","Circoscrizione":"VIII","Quartiere":"Montepellegrino","UPL":"Montepellegrino"},"geometry":{"type":"Point","coordinates":[13.3552687,38.1450728]}},
{"type":"Feature","properties":{"Codice":"VS_46","Nome/Localizzazione":"VIA MONTALBO","Gruppo":"Percorso storico","Categoria":"PERCORSI STORICI","Contesto urbano":"ARTERIA INTERNA PERIFERICA","Elemento":"MARCIAPIEDE","Latitudine":38.138124,"Longitudine":13.3631565,"Punteggio":46,"Livello accessibilita":"Parzialmente accessibile","Rilevanza":"Alta","Non valutabile":"No","N. foto rilievo":13,"Criticità Rilevate":null,"Indirizzo":null,"Nome Immobile":null,"Circoscrizione":"VIII","Quartiere":"Montepellegrino","UPL":"Cantieri"},"geometry":{"type":"Point","coordinates":[13.3631565,38.138124]}},
{"type":"Feature","properties":{"Codice":"U_10","Nome/Localizzazione":"UFFICIO IGIENE E SALUTE, POLITICHE ABITATIVE E GIOVANILI","Gruppo":"Sede amministrativa/istituzionale","Categoria":"SERVIZI PUBBLICI – UFFICI - UFFICIO DELLA PUBBLICA AMMINISTRAZIONE","Contesto urbano":null,"Elemento":null,"Latitudine":38.138124,"Longitudine":13.3631565,"Punteggio":61,"Livello accessibilita":"Parzialmente accessibile","Rilevanza":"Alta","Non valutabile":"No","N. foto rilievo":7,"Criticità Rilevate":null,"Indirizzo":null,"Nome Immobile":null,"Circoscrizione":"VIII","Quartiere":"Montepellegrino","UPL":"Cantieri"},"geometry":{"type":"Point","coordinates":[13.3631565,38.138124]}},
{"type":"Feature","properties":{"Codice":"S_07","Nome/Localizzazione":"SCUOLA ABBA","Gruppo":"Scuola","Categoria":"SERVIZI PUBBLICI – ISTRUZIONE - SCUOLA DELL’INFANZIA","Contesto urbano":null,"Elemento":null,"Latitudine":38.1438541,"Longitudine":13.3657862,"Punteggio":78,"Livello accessibilita":"Parzialmente inaccessibile","Rilevanza":"Alta","Non valutabile":"No","N. foto rilievo":7,"Criticità Rilevate":"Barriere architettoniche negli spazi comuni; pavimentazione esterna sconnessa; presenza di scalinate senza rampa; campanello troppo alto; assenza maniglioni nei bagni; parapetto scala non a norma.","Indirizzo":"VIA GIORDANO CALCEDONIO, 1","Nome Immobile":"SCUOLA ABBA","Circoscrizione":"VIII","Quartiere":"Montepellegrino","UPL":"Acquasanta"},"geometry":{"type":"Point","coordinates":[13.3657862,38.1438541]}},
{"type":"Feature","properties":{"Codice":"VS_47","Nome/Localizzazione":"VIA AMMIRAGLIO RIZZO – PIAZZA ACQUASANTA – VIA BELMONTE (S.S.113)","Gruppo":"Percorso storico","Categoria":"PERCORSI STORICI","Contesto urbano":"VIE STORICHE INTERNE E STRETTE","Elemento":"MARCIAPIEDE","Latitudine":38.1933398,"Longitudine":13.2450464,"Punteggio":50,"Livello accessibilita":"Parzialmente accessibile","Rilevanza":"Alta","Non valutabile":"No","N. foto rilievo":13,"Criticità Rilevate":null,"Indirizzo":null,"Nome Immobile":null,"Circoscrizione":"VIII","Quartiere":"Montepellegrino","UPL":"Acquasanta"},"geometry":{"type":"Point","coordinates":[13.367335019785287,38.143842522037602]}},
{"type":"Feature","properties":{"Codice":"VC_11","Nome/Localizzazione":"VIA PAPA SERGIO I","Gruppo":"Via cittadina","Categoria":"PERCORSI CITTADINI","Contesto urbano":"ASSE RESIDENZIALE","Elemento":"MARCIAPIEDE","Latitudine":38.1573791,"Longitudine":13.3708818,"Punteggio":38,"Livello accessibilita":"Accessibile","Rilevanza":"Alta","Non valutabile":"No","N. foto rilievo":13,"Criticità Rilevate":null,"Indirizzo":null,"Nome Immobile":null,"Circoscrizione":"VII","Quartiere":"Arenella - Vergine Maria","UPL":"Arenella"},"geometry":{"type":"Point","coordinates":[13.3708818,38.1573791]}},
{"type":"Feature","properties":{"Codice":"U_04","Nome/Localizzazione":"CIMITERO S. M. DEI ROTOLI","Gruppo":"Sede amministrativa/istituzionale","Categoria":"SERVIZI PUBBLICI – UFFICI - CIMITERO COMUNALE STATALE","Contesto urbano":null,"Elemento":null,"Latitudine":38.1573791,"Longitudine":13.3708818,"Punteggio":66,"Livello accessibilita":"Parzialmente inaccessibile","Rilevanza":"Alta","Non valutabile":"No","N. foto rilievo":7,"Criticità Rilevate":"Pavimentazione esterna sconnessa; dislivelli agli ingressi; porte strette; assenza di maniglioni antipanico e di segnaletica per non vedenti.","Indirizzo":"VIA PAPA SERGIO I, 96","Nome Immobile":"CIMITERO S. M. DEI ROTOLI","Circoscrizione":"VII","Quartiere":"Arenella - Vergine Maria","UPL":"Arenella"},"geometry":{"type":"Point","coordinates":[13.3708818,38.1573791]}},
{"type":"Feature","properties":{"Codice":"S_05","Nome/Localizzazione":"SCUOLA RIZZO","Gruppo":"Scuola","Categoria":"SERVIZI PUBBLICI - ISTRUZIONE - SCUOLA DELL’INFANZIA E PRIMARIA","Contesto urbano":null,"Elemento":null,"Latitudine":38.1498101,"Longitudine":13.3707875,"Punteggio":71,"Livello accessibilita":"Parzialmente inaccessibile","Rilevanza":"Alta","Non valutabile":"No","N. foto rilievo":7,"Criticità Rilevate":"Assenza maniglioni antipanico all'ingresso; campanello troppo alto; bagno solo al piano terra; corrimano ad altezza non adeguata; assenza percorso tattile.","Indirizzo":"VIA PAPA SERGIO, 21/B","Nome Immobile":"SCUOLA RIZZO","Circoscrizione":"VII","Quartiere":"Arenella - Vergine Maria","UPL":"Arenella"},"geometry":{"type":"Point","coordinates":[13.3707875,38.1498101]}},
{"type":"Feature","properties":{"Codice":"VS_49","Nome/Localizzazione":"VIA PAPA GREGORIO MAGNO – VIA SAN VINCENZO DÈ PAOLI","Gruppo":"Percorso storico","Categoria":"PERCORSI STORICI","Contesto urbano":"VIE COSTIERE (S.S.113), TRAFFICO FREQUENTE","Elemento":"MARCIAPIEDE","Latitudine":38.1522327,"Longitudine":13.3704866,"Punteggio":41,"Livello accessibilita":"Parzialmente accessibile","Rilevanza":"Alta","Non valutabile":"No","N. foto rilievo":13,"Criticità Rilevate":null,"Indirizzo":null,"Nome Immobile":null,"Circoscrizione":"VII","Quartiere":"Arenella - Vergine Maria","UPL":"Arenella"},"geometry":{"type":"Point","coordinates":[13.3704866,38.1522327]}},
{"type":"Feature","properties":{"Codice":"VS_48","Nome/Localizzazione":"VIA PAPA SERGIO I (S.S.113)","Gruppo":"Percorso storico","Categoria":"PERCORSI STORICI","Contesto urbano":"VIE COSTIERE (S.S.113), TRAFFICO FREQUENTE","Elemento":"MARCIAPIEDE","Latitudine":38.1573791,"Longitudine":13.3708818,"Punteggio":35,"Livello accessibilita":"Accessibile","Rilevanza":"Alta","Non valutabile":"No","N. foto rilievo":15,"Criticità Rilevate":null,"Indirizzo":null,"Nome Immobile":null,"Circoscrizione":"VII","Quartiere":"Arenella - Vergine Maria","UPL":"Arenella"},"geometry":{"type":"Point","coordinates":[13.3708818,38.1573791]}},
{"type":"Feature","properties":{"Codice":"VC_12","Nome/Localizzazione":"VIA VERGINE MARIA","Gruppo":"Via cittadina","Categoria":"PERCORSI CITTADINI","Contesto urbano":"STRADA STATALE COSTIERA AD ALTO SCORRIMENTO (SS 113)","Elemento":"MARCIAPIEDE","Latitudine":38.1624313,"Longitudine":13.3703644,"Punteggio":47,"Livello accessibilita":"Parzialmente accessibile","Rilevanza":"Alta","Non valutabile":"No","N. foto rilievo":14,"Criticità Rilevate":null,"Indirizzo":null,"Nome Immobile":null,"Circoscrizione":"VII","Quartiere":"Arenella - Vergine Maria","UPL":"Arenella"},"geometry":{"type":"Point","coordinates":[13.3703644,38.1624313]}},
{"type":"Feature","properties":{"Codice":"VS_50","Nome/Localizzazione":"VIA BORDONARO (S.S.113) – VIA NOSTRA SIGNORA DEL ROTOLO","Gruppo":"Percorso storico","Categoria":"PERCORSI STORICI","Contesto urbano":"VIE COSTIERE (S.S.113), TRAFFICO FREQUENTE","Elemento":"MARCIAPIEDE","Latitudine":38.1654668,"Longitudine":13.3683396,"Punteggio":48,"Livello accessibilita":"Parzialmente accessibile","Rilevanza":"Alta","Non valutabile":"No","N. foto rilievo":13,"Criticità Rilevate":null,"Indirizzo":null,"Nome Immobile":null,"Circoscrizione":"VII","Quartiere":"Arenella - Vergine Maria","UPL":"Vergine Maria"},"geometry":{"type":"Point","coordinates":[13.3683396,38.1654668]}}
]
}
